,img_coding,num_layer,num_cell,start_cell_dim,parameter_num,acc,time
0,"['trrp', 'gas', 'regas', 'trgas', 'mk', 'ctwav']",4,1,92,14945508,13.976793248945148,35
1,"['rp', 'rerp', 'gad', 'regad', 'trgad', 'remk', 'trmk']",3,2,50,1782763,16.19198312236287,29
2,"['rp', 'rerp', 'trrp', 'gas', 'regad', 'trgad', 'mk', 'trmk']",3,2,29,653543,16.877637130801688,65
3,"['regas', 'trgas', 'gad', 'remk', 'ctwav']",2,3,70,1128035,12.710970464135022,61
4,"['rp', 'rerp', 'trrp', 'regas', 'trgad', 'ctwav']",2,2,63,680071,17.352320675105485,43
5,"['gas', 'trgas', 'gad', 'regad', 'mk', 'remk', 'trmk']",4,1,22,875369,11.49789029535865,52
6,"['trrp', 'trgas', 'regad', 'trmk']",2,3,43,452062,15.40084388185654,60
7,"['rp', 'rerp', 'gas', 'regas', 'gad', 'trgad', 'mk', 'remk', 'ctwav']",4,2,84,20296329,14.662447257383967,42
8,"['rp', 'rerp', 'regas', 'regad', 'mk', 'ctwav']",2,3,24,141909,18.248945147679326,61
9,"['trrp', 'gas', 'trgas', 'gad', 'trgad', 'remk', 'trmk']",4,2,65,12545087,13.080168776371307,39
10,"['trgas', 'trgad', 'mk', 'trmk']",2,3,86,1688497,14.29324894514768,27
11,"['rp', 'rerp', 'trrp', 'gas', 'regas', 'gad', 'regad', 'remk', 'ctwav']",4,1,45,3770095,13.818565400843882,25
12,"['gas', 'regas', 'trgas', 'regad', 'trgad', 'ctwav']",4,1,38,2575935,12.921940928270041,23
13,"['rp', 'rerp', 'trrp', 'gad', 'mk', 'remk', 'trmk']",3,3,79,6278859,18.143459915611814,41
14,"['rp', 'rerp', 'gas', 'trmk']",3,1,58,1457970,16.930379746835442,38
15,"['trrp', 'regas', 'trgas', 'gad', 'regad', 'trgad', 'mk', 'remk', 'ctwav']",2,2,16,51055,16.350210970464136,45
16,"['rerp', 'gas', 'trgas', 'remk', 'ctwav']",4,3,69,19529145,14.767932489451477,55
17,"['rp', 'trrp', 'regas', 'gad', 'regad', 'trgad', 'mk', 'trmk']",3,1,25,306754,17.352320675105485,39
18,"['rp', 'gas', 'regas', 'regad', 'trgad', 'remk', 'trmk']",3,3,47,2278947,15.50632911392405,41
19,"['rerp', 'trrp', 'trgas', 'gad', 'mk', 'ctwav']",2,2,90,1325693,17.352320675105485,44
20,"['rp', 'trgad', 'mk', 'remk', 'ctwav']",2,1,77,598357,17.51054852320675,25
21,"['rerp', 'trrp', 'gas', 'regas', 'trgas', 'gad', 'regad', 'trmk']",3,2,33,835333,16.455696202531644,65
22,"['rerp', 'regas', 'trgas', 'regad', 'mk', 'remk', 'trmk']",3,2,13,148417,15.453586497890296,63
23,"['rp', 'trrp', 'gas', 'gad', 'trgad', 'ctwav']",4,3,56,12519413,14.451476793248945,55
24,"['rp', 'trrp', 'regad', 'remk', 'ctwav']",2,1,52,273286,17.985232067510548,25
25,"['rerp', 'gas', 'regas', 'trgas', 'gad', 'trgad', 'mk', 'trmk']",4,3,96,36689151,13.238396624472573,56
26,"['rerp', 'trrp', 'regas', 'trgas', 'trgad', 'remk', 'trmk']",2,1,75,576480,18.670886075949365,26
27,"['rp', 'gas', 'gad', 'regad', 'mk', 'ctwav']",4,2,31,2971543,14.873417721518987,39
28,"['rerp', 'trrp', 'gas', 'trgas', 'regad', 'trgad', 'mk', 'remk', 'ctwav']",4,3,17,1315968,14.556962025316455,128
29,"['rp', 'regas', 'gad', 'trmk']",3,2,61,2719327,16.61392405063291,28
30,"['rp', 'trrp', 'gas', 'regas', 'mk', 'remk', 'trmk']",3,3,83,6918384,16.666666666666668,41
31,"['rerp', 'trgas', 'gad', 'regad', 'trgad', 'ctwav']",2,1,39,167549,17.40506329113924,25
32,"['rp', 'rerp', 'trrp', 'trgas', 'remk', 'trmk', 'ctwav']",4,3,13,800239,13.291139240506329,120
33,"['gas', 'regas', 'gad', 'regad', 'trgad', 'mk']",3,2,54,2073071,13.50210970464135,29
34,"['trrp', 'regas', 'regad', 'trgad', 'remk']",3,3,76,5662894,14.767932489451477,40
35,"['rp', 'rerp', 'gas', 'trgas', 'gad', 'mk', 'trmk', 'ctwav']",2,1,35,140934,17.77426160337553,26
36,"['trrp', 'gas', 'trgad', 'mk', 'remk', 'trmk', 'ctwav']",2,1,48,239115,17.563291139240505,26
37,"['rp', 'rerp', 'regas', 'trgas', 'gad', 'regad']",4,3,89,32246700,14.715189873417721,55
38,"['rp', 'rerp', 'trrp', 'gas', 'regas', 'trgas', 'regad', 'mk', 'remk']",2,1,68,471874,18.9873417721519,27
39,"['gad', 'trgad', 'trmk', 'ctwav']",4,2,27,2277265,13.238396624472573,38
40,"['gas', 'regad', 'remk', 'trmk', 'ctwav']",2,1,81,659544,14.135021097046414,25
41,"['rp', 'rerp', 'trrp', 'regas', 'trgas', 'gad', 'trgad', 'mk']",3,2,40,1149939,16.139240506329113,65
42,"['rp', 'rerp', 'gas', 'regas', 'trgas', 'trgad', 'remk']",3,1,19,184274,17.40506329113924,37
43,"['trrp', 'gad', 'regad', 'mk', 'trmk', 'ctwav']",4,3,60,14364774,13.660337552742616,55
44,"['rp', 'rerp', 'trgas', 'regad', 'trgad', 'mk', 'remk', 'trmk', 'ctwav']",4,3,73,21832646,15.664556962025317,59
45,"['trrp', 'gas', 'regas', 'gad']",3,1,32,452543,14.609704641350211,37
46,"['regas', 'mk', 'remk']",3,3,54,2866857,12.078059071729959,40
47,"['rp', 'rerp', 'trrp', 'gas', 'trgas', 'gad', 'regad', 'trgad', 'trmk', 'ctwav']",2,2,95,1524279,16.033755274261605,21
48,"['rp', 'regas', 'trgas', 'mk', 'trmk', 'ctwav']",4,1,41,3141586,15.664556962025317,23
49,"['rerp', 'trrp', 'gas', 'gad', 'regad', 'trgad', 'remk']",3,3,85,7249257,16.666666666666668,41
50,"['rerp', 'regad', 'trgad', 'mk']",3,1,63,1771351,16.08649789029536,16
51,"['rp', 'trrp', 'gas', 'regas', 'trgas', 'gad', 'remk', 'trmk', 'ctwav']",2,2,20,76449,18.459915611814345,44
52,"['rerp', 'gas', 'regas', 'trgad', 'trmk', 'ctwav']",2,3,29,217335,17.563291139240505,61
53,"['rp', 'trrp', 'trgas', 'gad', 'regad', 'mk', 'remk']",4,2,72,14920491,15.137130801687764,39
54,"['rp', 'gas', 'trgas', 'regad']",2,3,93,2013259,14.873417721518987,27
55,"['rerp', 'trrp', 'regas', 'gad', 'trgad', 'mk', 'remk', 'trmk', 'ctwav']",4,1,50,4448526,15.242616033755274,25
56,"['rerp', 'trrp', 'gas', 'regas', 'regad', 'mk', 'trmk', 'ctwav']",2,2,58,566785,19.040084388185655,44
57,"['rp', 'trgas', 'gad', 'trgad', 'remk']",3,1,15,118787,15.189873417721518,37
58,"['rp', 'trrp', 'gas', 'trgas', 'trgad', 'mk']",2,3,36,309180,19.356540084388186,61
59,"['rerp', 'regas', 'gad', 'regad', 'remk', 'trmk', 'ctwav']",4,2,79,18407439,14.504219409282701,39
60,"['rp', 'trrp', 'regas', 'trgas', 'regad', 'trgad', 'trmk', 'ctwav']",4,1,88,13687273,16.08649789029536,24
61,"['rerp', 'gas', 'gad', 'mk', 'remk']",3,2,45,1507573,15.29535864978903,28
62,"['rerp', 'trrp']",3,2,23,415659,16.719409282700422,63
63,"['rp', 'gas', 'regas', 'trgas', 'gad', 'regad', 'trgad', 'mk', 'remk', 'trmk', 'ctwav']",2,3,67,1085880,14.978902953586498,66
64,"['rp', 'trrp', 'regas', 'regad', 'remk', 'ctwav']",3,2,32,738647,15.664556962025317,64
65,"['rerp', 'gas', 'trgas', 'gad', 'trgad', 'mk', 'trmk']",4,1,73,9689876,14.609704641350211,24
66,"['rerp', 'trrp', 'trgas', 'trgad', 'remk', 'trmk']",2,3,94,2022471,20.147679324894515,27
67,"['rp', 'gas', 'regas', 'gad', 'regad', 'mk', 'ctwav']",3,2,53,2075717,15.928270042194093,29
68,"['rerp', 'trrp', 'gas', 'regas', 'trgas', 'regad', 'trgad', 'mk', 'remk', 'ctwav']",4,1,40,2859669,15.348101265822784,25
69,"['rp', 'gad', 'trmk']",2,2,81,1092155,16.930379746835442,42
70,"['rp', 'trrp', 'gas', 'mk', 'remk', 'trmk']",4,2,60,10373049,16.9831223628692,39
71,"['rerp', 'regas', 'trgas', 'gad', 'regad', 'trgad', 'ctwav']",3,3,19,406944,13.660337552742616,89
72,"['rerp', 'gas', 'regas', 'trgas', 'remk', 'ctwav']",4,2,89,23275793,14.715189873417721,40
73,"['rp', 'trrp', 'gad', 'regad', 'trgad', 'mk', 'trmk']",2,3,48,543027,14.978902953586498,61
74,"['rp', 'gas', 'regad', 'trgad', 'remk', 'trmk']",4,1,27,1407284,13.818565400843882,52
75,"['rerp', 'trrp', 'regas', 'trgas', 'gad', 'mk', 'ctwav']",2,3,68,1072552,18.459915611814345,61
76,"['rp', 'regas', 'trgad', 'mk', 'remk', 'ctwav']",3,3,55,3090133,16.61392405063291,41
77,"['rerp', 'trrp', 'gas', 'trgas', 'gad', 'regad', 'trmk']",4,1,14,360731,15.242616033755274,51
78,"['rerp', 'trgas', 'regad', 'mk', 'remk', 'trmk']",2,2,35,223293,18.037974683544302,43
79,"['rp', 'trrp', 'gas', 'regas', 'gad', 'trgad', 'ctwav']",3,1,76,2500420,16.19198312236287,17
80,"['rp', 'rerp', 'regad', 'mk', 'ctwav']",3,1,44,847732,15.981012658227849,38
81,"['trrp', 'gas', 'regas', 'trgas', 'gad', 'trgad', 'remk', 'trmk']",4,2,88,22264523,13.080168776371307,40
82,"['regas', 'trgas', 'trgad', 'mk', 'trmk']",2,2,66,718679,12.921940928270041,43
83,"['rp', 'rerp', 'trrp', 'gas', 'gad', 'regad', 'remk', 'ctwav']",3,3,22,491215,16.033755274261605,91
84,"['gas', 'trgas', 'regad', 'trgad', 'ctwav']",3,2,15,190383,11.972573839662447,62
85,"['rp', 'rerp', 'trrp', 'regas', 'gad', 'mk', 'remk', 'trmk']",2,1,59,368784,19.09282700421941,26
86,"['rp', 'rerp', 'gas', 'regas', 'trmk']",4,3,80,25489899,14.820675105485233,55
87,"['trrp', 'trgas', 'gad', 'regad', 'trgad', 'mk', 'remk', 'ctwav']",3,1,36,577074,13.60759493670886,39
88,"['trrp', 'gas', 'trgas', 'mk', 'ctwav']",4,3,72,20658225,13.60759493670886,55
89,"['rp', 'rerp', 'regas', 'gad', 'regad', 'trgad', 'remk', 'trmk']",2,1,28,88792,18.723628691983123,26
90,"['rp', 'rerp', 'trrp', 'gas', 'regas', 'regad', 'trgad', 'mk', 'trmk']",4,2,49,7222363,14.662447257383967,42
91,"['trgas', 'gad', 'remk', 'ctwav']",2,1,93,856355,13.185654008438819,25
92,"['rp', 'rerp', 'trrp', 'trgad', 'ctwav']",3,2,86,5212713,17.29957805907173,29
93,"['gas', 'regas', 'trgas', 'gad', 'regad', 'mk', 'remk', 'trmk']",4,3,42,7063188,12.869198312236287,55
94,"['trrp', 'regas', 'trgas', 'regad', 'trmk']",2,1,20,45614,17.51054852320675,24
95,"['rp', 'rerp', 'gas', 'gad', 'trgad', 'mk', 'remk', 'ctwav']",3,3,64,4033975,15.664556962025317,41
96,"['rerp', 'trrp', 'gas', 'regad', 'mk', 'trmk', 'ctwav']",3,2,78,4301153,16.29746835443038,29
97,"['rp', 'regas', 'trgas', 'gad', 'trgad', 'remk']",4,3,37,5784407,14.18776371308017,55
98,"['rp', 'trrp', 'gas', 'regas', 'trgas', 'trgad', 'mk']",2,1,16,32115,18.196202531645568,25
99,"['rerp', 'gad', 'regad', 'remk', 'trmk', 'ctwav']",3,3,57,3312548,15.50632911392405,40
100,"['rp', 'trrp', 'trgas', 'regad', 'trgad', 'trmk', 'ctwav']",4,3,66,17373432,16.033755274261605,55
101,"['rerp', 'gas', 'regas', 'gad', 'mk', 'remk']",2,1,25,75016,18.40717299578059,25
102,"['rerp', 'trrp', 'regas']",4,2,45,6105181,14.978902953586498,38
103,"['rp', 'gas', 'trgas', 'gad', 'regad', 'trgad', 'mk', 'remk', 'trmk', 'ctwav']",2,1,87,778641,17.40506329113924,28
104,"['rp', 'trgas', 'mk', 'trmk', 'ctwav']",3,2,21,353545,17.457805907172997,64
105,"['rerp', 'trrp', 'gas', 'regas', 'gad', 'regad', 'trgad', 'remk']",2,1,63,417175,17.141350210970465,26
106,"['rerp', 'regas', 'regad', 'trgad', 'mk']",4,3,84,28095960,14.082278481012658,55
107,"['rp', 'trrp', 'gas', 'trgas', 'gad', 'remk', 'trmk', 'ctwav']",3,1,42,779758,16.08649789029536,38
108,"['rerp', 'gas', 'trgad', 'trmk', 'ctwav']",3,1,51,1177826,16.666666666666668,38
109,"['rp', 'trrp', 'regas', 'trgas', 'gad', 'regad', 'mk', 'remk']",4,3,92,33702054,15.453586497890296,56
110,"['rp', 'gas', 'regas', 'trgas', 'regad']",2,2,71,852555,15.717299578059071,43
111,"['rerp', 'trrp', 'gad', 'trgad', 'mk', 'remk', 'trmk', 'ctwav']",3,3,29,902385,15.50632911392405,92
112,"['gas', 'regas', 'regad', 'remk', 'trmk', 'ctwav']",3,3,61,3781309,14.18776371308017,41
113,"['rp', 'rerp', 'trrp', 'trgas', 'gad', 'trgad', 'mk']",4,1,17,590002,14.978902953586498,51
114,"['rp', 'rerp', 'gas', 'trgas', 'trgad', 'remk']",2,2,38,247551,19.462025316455698,43
115,"['trrp', 'regas', 'gad', 'regad', 'mk', 'trmk', 'ctwav']",3,1,82,2905770,15.559071729957806,17
116,"['rp', 'rerp', 'regas', 'trgas', 'regad', 'trgad', 'mk', 'remk', 'trmk', 'ctwav']",4,2,96,26492919,15.137130801687764,42
117,"['trrp', 'gas', 'gad']",2,3,52,624468,15.242616033755274,59
118,"['mk', 'remk']",4,1,31,1826431,11.339662447257384,22
119,"['rp', 'rerp', 'trrp', 'gas', 'regas', 'trgas', 'gad', 'regad', 'trgad', 'trmk', 'ctwav']",2,3,75,1349210,16.08649789029536,66
120,"['rp', 'rerp', 'trrp', 'regas', 'trgas', 'remk', 'trmk', 'ctwav']",3,1,33,516184,17.985232067510548,38
121,"['gas', 'gad', 'regad', 'trgad', 'mk']",2,2,77,997229,14.451476793248945,43
122,"['trrp', 'regad', 'trgad', 'remk']",4,2,56,9035835,13.50210970464135,39
123,"['rp', 'rerp', 'gas', 'regas', 'trgas', 'gad', 'mk', 'trmk', 'ctwav']",2,3,12,40626,18.196202531645568,63
124,"['trrp', 'gas', 'regas', 'trgad', 'mk', 'remk', 'trmk', 'ctwav']",3,2,26,494025,14.082278481012658,65
125,"['rp', 'rerp', 'trgas', 'gad', 'regad']",4,1,70,8668401,15.242616033755274,23
126,"['rp', 'rerp', 'trrp', 'gas', 'trgas', 'regad', 'mk', 'remk']",2,3,91,1947978,19.567510548523206,27
127,"['regas', 'gad', 'trgad', 'trmk', 'ctwav']",3,2,47,1640127,14.18776371308017,29
128,"['gas', 'regad', 'trgad', 'mk', 'remk', 'trmk', 'ctwav']",2,3,93,2027077,15.137130801687764,27
129,"['rp', 'rerp', 'trrp', 'regas', 'trgas', 'gad']",3,2,49,1780313,16.508438818565402,29
130,"['rp', 'rerp', 'gas', 'regas', 'trgas', 'mk', 'remk']",3,2,27,569741,15.031645569620252,65
131,"['trrp', 'gad', 'regad', 'trgad', 'trmk', 'ctwav']",4,1,71,9172173,13.343881856540085,23
132,"['rp', 'rerp', 'trgas', 'regad', 'remk', 'trmk', 'ctwav']",4,2,65,12545087,14.504219409282701,39
133,"['trrp', 'gas', 'regas', 'gad', 'trgad', 'mk']",3,3,21,489059,14.873417721518987,91
134,"['regas', 'trgad', 'remk']",4,1,42,3135412,12.869198312236287,22
135,"['rp', 'rerp', 'trrp', 'gas', 'trgas', 'gad', 'regad', 'mk', 'trmk', 'ctwav']",2,2,86,1229279,16.666666666666668,47
136,"['rp', 'rerp', 'trrp', 'trgas', 'trgad', 'mk', 'remk', 'trmk', 'ctwav']",4,1,22,877525,14.978902953586498,55
137,"['gas', 'regas', 'gad', 'regad']",2,2,66,715445,13.765822784810126,43
138,"['trrp', 'regas', 'regad', 'mk', 'remk']",4,1,87,13674337,13.660337552742616,23
139,"['rp', 'rerp', 'gas', 'trgas', 'gad', 'trgad', 'trmk', 'ctwav']",2,3,43,460686,15.50632911392405,61
140,"['trrp', 'gas', 'remk', 'trmk', 'ctwav']",2,3,37,341211,17.246835443037973,60
141,"['rp', 'rerp', 'regas', 'trgas', 'gad', 'regad', 'trgad', 'mk']",3,1,81,2909788,15.189873417721518,17
142,"['rp', 'rerp', 'trrp', 'gas', 'regas', 'trgas', 'regad', 'trgad', 'remk']",3,3,59,3552234,15.981012658227849,43
143,"['gad', 'mk', 'trmk', 'ctwav']",4,2,15,752575,12.130801687763713,85
144,"['rerp', 'trrp', 'gas', 'regas', 'regad', 'trgad', 'trmk', 'ctwav']",2,2,68,772213,16.824894514767934,44
145,"['rp', 'trgas', 'gad', 'mk', 'remk']",3,3,26,677474,15.084388185654008,91
146,"['rp', 'trrp', 'gas', 'trgas']",3,1,48,1003659,16.61392405063291,38
147,"['rerp', 'regas', 'gad', 'regad', 'trgad', 'mk', 'remk', 'trmk', 'ctwav']",4,2,89,23289023,15.031645569620252,43
148,"['rp', 'trrp', 'regas', 'trgas', 'regad', 'mk', 'trmk', 'ctwav']",4,3,76,23021826,15.981012658227849,55
149,"['rerp', 'gas', 'gad', 'trgad', 'remk']",3,2,35,929433,15.137130801687764,64
150,"['rerp', 'trrp', 'trgad', 'mk']",3,3,14,201333,18.248945147679326,88
151,"['rp', 'gas', 'regas', 'trgas', 'gad', 'regad', 'remk', 'trmk', 'ctwav']",2,1,55,326113,18.934599156118143,28
152,"['rp', 'regas', 'trgas', 'trgad', 'trmk', 'ctwav']",4,3,53,11643963,16.244725738396625,55
153,"['rerp', 'trrp', 'gas', 'gad', 'regad', 'mk', 'remk']",2,1,94,870173,17.985232067510548,26
154,"['rerp', 'regad']",4,3,73,21807264,13.660337552742616,54
155,"['rp', 'trrp', 'gas', 'regas', 'trgas', 'gad', 'trgad', 'mk', 'remk', 'trmk', 'ctwav']",2,2,32,186103,18.776371308016877,46
156,"['rerp', 'gas', 'regas', 'mk', 'trmk', 'ctwav']",2,1,19,46594,19.462025316455698,24
157,"['rp', 'trrp', 'trgas', 'gad', 'regad', 'trgad', 'remk']",3,2,60,2557149,16.139240506329113,29
158,"['rp', 'gas', 'trgas', 'regad', 'trgad', 'mk']",3,1,82,2901752,15.559071729957806,17
159,"['rerp', 'trrp', 'regas', 'gad', 'remk', 'trmk', 'ctwav']",4,3,40,6408089,16.139240506329113,55
160,"['rp', 'gas', 'gad']",4,3,24,2318373,14.609704641350211,54
161,"['rp', 'rerp', 'regas', 'trgas', 'gad', 'trgad', 'remk', 'trmk']",2,3,70,1138325,17.035864978902953,62
162,"['rp', 'rerp', 'trrp', 'regas', 'trgas', 'gad', 'remk']",3,2,37,1037533,16.666666666666668,65
163,"['rp', 'rerp', 'trrp', 'trgas', 'trgad', 'mk', 'remk']",3,3,61,3784347,16.9831223628692,41
164,"['rerp', 'trgas', 'regad', 'mk', 'trmk']",4,2,81,19327971,14.451476793248945,39
165,"['rp', 'gas', 'regas', 'trgas', 'regad', 'mk', 'remk']",4,1,71,9175701,14.135021097046414,24
166,"['rp', 'rerp', 'trrp', 'regas', 'trgad', 'remk']",3,2,45,1509827,16.19198312236287,29
167,"['gas', 'regas', 'gad', 'trgad', 'mk', 'remk', 'trmk', 'ctwav']",2,2,86,1220851,14.345991561181435,44
168,"['rerp', 'trgad', 'trmk', 'ctwav']",3,1,86,3180383,16.61392405063291,17
169,"['rp', 'trrp', 'trgad', 'mk', 'remk', 'trmk']",2,2,85,1212423,16.9831223628692,43
170,"['rp', 'rerp', 'regas', 'trgas', 'gad', 'trgad', 'ctwav']",4,2,45,6114197,14.240506329113924,39
171,"['gas', 'trgad', 'mk']",3,1,55,1357689,12.763713080168776,36
172,"['rp', 'regas', 'trgad', 'remk', 'ctwav']",4,2,72,14913435,14.820675105485233,39
173,"['rp', 'trrp', 'regas', 'trgas', 'gad', 'trgad', 'remk', 'ctwav']",4,2,23,1682283,15.664556962025317,39
174,"['regas', 'regad', 'trmk', 'ctwav']",3,1,21,218031,14.39873417721519,37
175,"['trrp', 'regas', 'trgas', 'regad', 'mk', 'remk']",4,2,95,26474103,12.289029535864978,39
176,"['rp', 'trrp', 'gas', 'trmk', 'ctwav']",3,1,95,3961167,18.143459915611814,17
177,"['rp', 'rerp', 'gas', 'regas', 'mk', 'ctwav']",2,3,40,379209,16.455696202531644,60
178,"['rerp', 'trgad', 'mk', 'remk', 'ctwav']",2,3,94,2017865,18.09071729957806,27
179,"['rerp', 'regad', 'trgad', 'remk', 'trmk']",2,1,95,897327,17.563291139240505,25
180,"['rerp', 'trgad', 'remk']",2,1,94,851749,17.668776371308017,24
181,"['rerp', 'trgad', 'remk', 'ctwav']",2,1,94,856355,17.29957805907173,25
182,"['rerp', 'regad', 'trgad', 'mk', 'remk', 'trmk']",2,1,94,865567,17.40506329113924,26
183,"['rerp', 'regad', 'trgad', 'mk', 'remk']",2,1,94,860961,18.143459915611814,25
184,"['rerp', 'trgas', 'trgad', 'remk', 'trmk', 'ctwav']",2,1,94,865567,17.563291139240505,26
185,"['rp', 'rerp', 'trrp', 'regas', 'mk', 'trmk', 'ctwav']",4,2,81,19336007,15.50632911392405,40
186,"['rerp', 'trrp', 'trgas', 'regad', 'mk', 'remk', 'trmk']",2,2,38,249413,20.20042194092827,43
187,"['rerp', 'trrp', 'gas', 'trgas', 'regad', 'trgad', 'remk', 'trmk', 'ctwav']",4,3,74,21832646,16.033755274261605,59
188,"['rerp', 'trrp', 'trgas', 'trgad', 'remk', 'trmk']",2,3,96,2108895,18.30168776371308,27
189,"['rerp', 'trrp', 'trgas', 'remk', 'trmk']",2,3,92,1934454,19.98945147679325,27
190,"['rerp', 'trrp', 'trgas', 'regad', 'trgad', 'remk', 'trmk']",2,3,95,2113599,17.616033755274263,27
191,"['rerp', 'trrp', 'trgas', 'trgad', 'remk', 'trmk']",2,3,93,2022471,16.033755274261605,27
192,"['rerp', 'trrp', 'trgas', 'remk', 'trmk']",2,2,96,1500759,20.253164556962027,19
193,"['rerp', 'trrp', 'gas', 'trgas', 'remk']",2,3,94,2017865,18.40717299578059,27
194,"['trrp', 'gas', 'regad', 'trgad', 'trmk']",4,1,54,5172469,14.345991561181435,23
195,"['rerp', 'trrp', 'gas', 'trgas', 'remk', 'trmk']",2,3,94,2022471,18.30168776371308,27
196,"['rerp', 'trrp', 'gas', 'trgas', 'remk', 'trmk']",2,2,94,1444019,18.459915611814345,43
197,"['rerp', 'trrp', 'gas', 'trgas', 'regad', 'remk', 'trmk']",2,2,73,906575,16.508438818565402,44
198,"['rerp', 'trrp', 'gas', 'trgas', 'regad', 'remk', 'trmk']",2,2,80,1056239,16.824894514767934,44
199,"['rerp', 'trrp', 'gas', 'trgas', 'regad', 'remk', 'trmk']",2,2,38,249413,18.670886075949365,43
200,"['rerp', 'gas', 'regad', 'trgad', 'mk', 'remk', 'ctwav']",3,2,37,1037533,15.031645569620252,65
201,"['rerp', 'trrp', 'trgas', 'gad', 'trmk']",2,2,96,1500759,19.356540084388186,19
202,"['rerp', 'trrp', 'trgas', 'gad']",2,2,96,1496055,17.932489451476794,43
203,"['rerp', 'trrp', 'trgas', 'gad', 'mk']",2,2,96,1500759,18.88185654008439,19
204,"['rp', 'trrp', 'regas', 'trgas', 'gad', 'trmk']",3,2,64,2902663,17.035864978902953,29
205,"['rp', 'rerp', 'trrp', 'gad', 'trgad', 'mk']",2,2,38,247551,19.40928270042194,43
206,"['rerp', 'trrp', 'trgad', 'mk']",2,2,38,243827,20.622362869198312,42
207,"['rp', 'rerp', 'trrp', 'gad', 'trgad', 'mk']",2,1,38,152029,17.932489451476794,25
208,"['rerp', 'trrp', 'gas', 'regas', 'trgas', 'mk', 'remk', 'trmk']",2,1,88,770017,18.88185654008439,26
209,"['rerp', 'trrp', 'regas', 'trgas', 'trgad', 'mk', 'trmk']",2,2,15,49487,18.30168776371308,43
210,"['rp', 'trrp', 'regas', 'trgas', 'gad', 'regad', 'trmk', 'ctwav']",2,1,82,671598,18.354430379746834,26
211,"['rerp', 'trrp', 'trgad', 'mk']",2,2,13,36767,17.457805907172997,41
212,"['rerp', 'trrp', 'regas', 'trgad', 'mk', 'trmk']",2,2,16,48703,18.934599156118143,42
213,"['rerp', 'trrp', 'trgas', 'trgad', 'mk', 'trmk']",2,3,42,416646,18.248945147679326,61
214,"['rerp', 'trrp', 'trgad', 'mk']",2,2,40,269459,18.934599156118143,42
215,"['rerp', 'regas', 'trgas', 'trgad', 'remk', 'ctwav']",4,1,12,266568,14.556962025316455,50
216,"['rp', 'trgas', 'gad', 'regad', 'mk', 'ctwav']",4,2,15,754143,14.820675105485233,85
217,"['rerp', 'trrp', 'mk']",2,1,38,146443,21.99367088607595,24
218,"['rerp', 'trrp', 'trgas', 'gad', 'trgad', 'ctwav']",2,2,27,138289,19.40928270042194,43
219,"['rp', 'rerp', 'gas', 'regas', 'gad', 'trgad', 'mk', 'remk', 'trmk', 'ctwav']",3,2,60,2565969,15.717299578059071,30
220,"['rp', 'rerp', 'trrp', 'gad', 'regad']",3,3,51,2665312,16.719409282700422,40
221,"['rerp', 'mk', 'remk']",3,1,80,2751699,15.242616033755274,16
222,"['rp', 'rerp', 'gas', 'trgas', 'regad', 'trgad', 'mk', 'remk', 'ctwav']",4,2,14,581857,14.029535864978904,90
223,"['rp', 'rerp', 'trrp', 'trgas', 'remk', 'trmk']",2,2,95,1505463,20.411392405063292,19
224,"['regas', 'gad', 'mk', 'remk', 'trmk']",2,3,72,1192809,13.50210970464135,61
225,"['rerp', 'trrp', 'gas', 'mk', 'remk', 'trmk']",2,1,38,152029,21.255274261603375,25
226,"['gas', 'regas', 'gad', 'regad', 'trmk', 'ctwav']",3,3,35,1288848,16.350210970464136,91
227,"['rerp', 'trrp', 'gas', 'mk', 'trmk']",2,1,38,150167,20.358649789029535,25
228,"['trgas', 'mk', 'remk', 'trmk']",3,3,13,201333,11.49789029535865,88
229,"['rp', 'gas', 'regas', 'trgas', 'trgad', 'mk', 'ctwav']",4,3,57,13428734,15.50632911392405,55
230,"['rp', 'rerp', 'trrp', 'trgad', 'remk', 'trmk']",2,1,96,902031,19.514767932489452,26
231,"['rp', 'rerp', 'trrp', 'gas', 'trgas', 'gad', 'regad', 'trgad', 'trmk', 'ctwav']",3,3,30,905325,16.666666666666668,99
232,"['rp', 'rerp', 'trrp', 'remk', 'trmk']",2,1,96,897327,19.303797468354432,25
233,"['rp', 'rerp', 'remk', 'trmk']",4,3,38,5780683,15.453586497890296,54
234,"['rp', 'rerp', 'trrp', 'regas', 'mk', 'ctwav']",2,1,38,152029,19.98945147679325,25
235,"['rerp', 'gas', 'gad', 'regad', 'trgad', 'mk']",3,2,62,2725403,15.717299578059071,29
236,"['rerp', 'trrp', 'regad', 'mk', 'ctwav']",2,1,38,150167,19.09282700421941,25
237,"['rp', 'gas', 'regas', 'gad', 'regad', 'trgad']",3,1,15,119571,16.19198312236287,37
238,"['rerp', 'trrp', 'regad', 'mk']",2,1,38,148305,21.09704641350211,25
239,"['rerp', 'trrp', 'mk', 'ctwav']",2,1,37,148305,20.991561181434598,25
240,"['rerp', 'trrp', 'regas', 'remk']",2,1,38,148305,21.571729957805907,25
241,"['rerp', 'trrp', 'mk']",2,1,93,851749,18.88185654008439,24
242,"['rp', 'rerp', 'trrp', 'regas', 'trgas', 'trmk']",2,2,93,1444019,16.666666666666668,44
243,"['rp', 'rerp', 'trrp', 'trgas', 'trmk']",2,2,93,1439413,19.514767932489452,43
244,"['rp', 'rerp', 'trgas', 'trmk']",2,2,95,1496055,17.668776371308017,43
245,"['rp', 'rerp', 'trrp', 'trgas', 'trmk']",2,2,73,899323,18.776371308016877,43
246,"['trrp', 'trgad', 'remk', 'trmk']",2,1,80,624819,15.717299578059071,25
247,"['rp', 'trrp', 'gas', 'regas', 'mk', 'remk', 'trmk']",2,2,35,225057,21.88818565400844,43
248,"['rp', 'trrp', 'regas', 'trgas', 'gad', 'mk', 'remk', 'trmk', 'ctwav']",2,2,61,648093,18.143459915611814,46
249,"['rp', 'trrp', 'regas', 'remk', 'trmk']",2,1,35,135642,21.30801687763713,25
250,"['trgas', 'gad', 'trgad', 'mk', 'remk', 'trmk', 'ctwav']",4,3,66,17373432,11.603375527426161,55
251,"['rp', 'trrp', 'regas', 'mk', 'remk', 'trmk']",2,2,35,223293,19.883966244725737,42
252,"['rp', 'trrp', 'regas', 'remk', 'trmk']",2,2,35,221529,21.360759493670887,42
253,"['rerp', 'trrp']",2,1,38,144581,20.88607594936709,23
254,"['rp', 'rerp', 'gas', 'remk', 'trmk', 'ctwav']",2,2,24,103371,19.620253164556964,42
255,"['rp', 'rerp', 'trrp', 'regas', 'gad', 'mk', 'remk', 'trmk']",2,3,35,312708,19.567510548523206,61
256,"['trrp', 'gas', 'mk', 'remk']",2,1,36,133878,19.567510548523206,24
257,"['rp', 'trrp', 'regas', 'mk', 'remk']",2,1,38,150167,22.310126582278482,25
258,"['rp', 'rerp', 'trrp', 'regas', 'mk', 'remk']",2,1,38,152029,21.518987341772153,25
259,"['rerp', 'trrp', 'regas', 'mk']",2,1,38,148305,21.466244725738395,24
260,"['trrp', 'regas', 'mk']",2,1,38,146443,18.143459915611814,23
261,"['trrp', 'gas', 'regas', 'gad', 'regad']",2,2,15,47919,16.40295358649789,41
262,"['rerp', 'trgas', 'gad', 'trgad', 'remk', 'trmk', 'ctwav']",4,2,40,4630939,16.08649789029536,39
263,"['rp', 'rerp', 'trrp', 'gas', 'regas', 'mk', 'remk', 'trmk']",2,2,34,203341,20.833333333333332,43
264,"['rerp', 'gas', 'trgas', 'gad', 'trgad', 'remk', 'trmk']",3,2,15,191951,16.19198312236287,63
265,"['rp', 'trrp', 'gas', 'regas', 'regad', 'mk', 'remk']",2,1,38,153891,20.833333333333332,25
266,"['rp', 'trrp', 'gas', 'regas', 'gad', 'regad']",4,2,61,11072959,14.767932489451477,39
267,"['rp', 'gas', 'regas', 'mk', 'remk', 'trmk']",2,1,38,152029,18.829113924050635,25
268,"['rp', 'trrp', 'gas', 'regas', 'mk', 'remk', 'trmk']",2,1,38,153891,20.569620253164558,25
269,"['rp', 'trrp', 'gas', 'regas', 'mk', 'remk']",2,1,38,152029,22.151898734177216,25
270,"['rp', 'regad', 'trgad', 'mk', 'remk', 'ctwav']",3,3,69,4811855,16.666666666666668,41
271,"['rp', 'gas', 'regas', 'regad', 'mk', 'remk']",2,1,38,152029,18.354430379746834,25
272,"['rp', 'gas', 'regas', 'mk', 'trmk']",2,1,35,135642,19.883966244725737,25
273,"['trgad', 'mk', 'trmk', 'ctwav']",2,2,52,448877,13.713080168776372,42
274,"['rp', 'trrp', 'regas', 'mk', 'remk']",2,2,38,245689,21.09704641350211,43
275,"['rerp', 'trrp', 'regas', 'trgas', 'gad', 'trgad', 'mk']",4,2,14,580485,14.345991561181435,85
276,"['rerp', 'trrp', 'gas', 'trgas', 'mk', 'remk']",3,1,46,927341,17.457805907172997,38
277,"['rp', 'regad', 'trmk', 'ctwav']",3,2,68,3266725,16.824894514767934,28
278,"['trrp', 'gas', 'regas', 'trgas', 'trgad', 'trmk']",4,3,74,21821768,12.763713080168776,55
279,"['rp', 'rerp', 'trrp', 'trgad', 'remk', 'ctwav']",2,2,91,1384593,17.932489451476794,44
280,"['gas', 'gad', 'trgad', 'trmk']",4,2,27,2277265,13.60759493670886,38
281,"['rp', 'trrp', 'regas', 'trgad', 'mk', 'remk']",2,1,38,152029,20.30590717299578,25
282,"['rp', 'trrp', 'trgad', 'mk', 'remk']",2,1,38,150167,19.19831223628692,25
283,"['rp', 'trrp', 'regas', 'trgas', 'mk', 'remk']",2,1,38,152029,21.044303797468356,25
284,"['rp', 'trrp', 'trgas', 'mk', 'remk']",2,1,38,150167,21.09704641350211,25
285,"['trrp', 'mk', 'remk']",2,1,38,146443,18.670886075949365,24
286,"['rp', 'trrp', 'gas', 'regas', 'remk']",2,1,38,150167,20.622362869198312,25
287,"['regas', 'trgas', 'trmk', 'ctwav']",3,3,29,896505,14.135021097046414,91
288,"['rp', 'trrp', 'gad', 'mk', 'remk']",2,1,38,150167,19.672995780590718,25
289,"['rp', 'trrp', 'gas', 'regas', 'mk', 'remk']",2,2,35,223293,20.147679324894515,43
290,"['regas', 'gad', 'trgad', 'mk', 'remk', 'trmk', 'ctwav']",2,3,42,418704,13.343881856540085,61
291,"['rp', 'trrp', 'regas', 'mk', 'remk']",2,1,35,135642,21.360759493670887,25
292,"['rp', 'rerp', 'trrp', 'gas', 'regas', 'gad', 'remk']",2,3,90,1860540,17.29957805907173,27
293,"['rerp', 'trrp', 'gas', 'regas', 'gad', 'regad', 'remk']",2,3,38,344935,17.827004219409282,61
294,"['rp', 'trrp', 'gas', 'regas', 'trgas', 'trgad', 'remk', 'ctwav']",3,1,61,1675573,17.563291139240505,17
295,"['rp', 'trrp', 'gas', 'regas', 'remk', 'trmk']",2,2,35,223293,21.99367088607595,43
296,"['gad', 'regad', 'trgad', 'trmk']",4,3,63,16330679,13.554852320675106,55
297,"['rerp', 'trrp', 'mk', 'ctwav']",2,1,38,148305,20.780590717299578,24
298,"['rp', 'trrp', 'gas', 'trgas', 'trgad', 'mk', 'remk']",4,1,37,2577797,14.662447257383967,23
299,"['trrp', 'gas', 'regas', 'remk', 'trmk']",2,2,35,221529,17.29957805907173,43
300,"['rerp', 'trrp', 'gas', 'trgas', 'mk']",2,1,37,150167,21.09704641350211,25
301,"['rerp', 'trgas', 'remk', 'trmk']",2,2,84,1149789,18.354430379746834,43
302,"['rp', 'rerp', 'trgas', 'gad', 'regad', 'mk', 'remk', 'trmk']",3,3,77,5974077,16.19198312236287,41
303,"['rp', 'rerp', 'trrp', 'gad', 'remk', 'trmk', 'ctwav']",2,2,65,725147,16.244725738396625,44
304,"['rerp', 'gas', 'trgas', 'gad', 'regad', 'remk', 'ctwav']",2,1,16,32115,18.88185654008439,25
305,"['rerp', 'gas', 'regas', 'regad', 'remk']",3,2,61,2722365,14.820675105485233,29
306,"['rerp', 'trrp', 'mk', 'remk']",2,1,38,148305,22.573839662447256,25
307,"['trrp', 'regas', 'trgas', 'gad', 'regad', 'trgad', 'remk']",3,2,47,1644831,13.343881856540085,29
308,"['rp', 'rerp', 'regas', 'trgas', 'gad', 'regad', 'mk', 'trmk']",3,1,31,458815,16.033755274261605,38
309,"['rp', 'gas', 'trgad', 'mk']",4,1,52,4796142,14.29324894514768,23
310,"['rerp', 'trrp', 'gas', 'regas', 'mk', 'remk']",2,1,38,152029,20.569620253164558,25
311,"['rp', 'trrp', 'gas', 'regas', 'remk', 'trmk']",2,2,36,223293,20.675105485232066,43
312,"['rp', 'rerp', 'trrp', 'gas', 'regas', 'regad', 'remk', 'trmk']",2,2,35,226821,20.147679324894515,44
313,"['rp', 'rerp', 'regas', 'gad', 'trgad', 'mk', 'trmk']",4,2,94,25389485,15.50632911392405,40
314,"['rp', 'trrp', 'gas', 'trgas', 'regad', 'trmk', 'ctwav']",3,3,49,2470500,17.19409282700422,41
315,"['rp', 'rerp', 'regas', 'trgas', 'gad', 'remk', 'trmk', 'ctwav']",4,3,74,21829020,15.770042194092827,56
316,"['rp', 'trrp', 'regas', 'mk', 'remk', 'ctwav']",2,1,38,152029,20.5168776371308,25
317,"['regas', 'gad', 'remk', 'trmk', 'ctwav']",4,1,38,2574073,14.39873417721519,23
318,"['rp', 'trrp', 'regas', 'gad', 'regad', 'mk', 'remk']",2,1,37,153891,19.19831223628692,26
319,"['rp', 'trrp', 'gas', 'regas', 'gad', 'remk', 'trmk']",2,2,35,225057,20.09493670886076,43
320,"['rp', 'trrp', 'regas', 'remk']",2,3,38,339349,18.459915611814345,60
321,"['rerp', 'trrp', 'mk', 'remk']",2,2,38,243827,21.20253164556962,42
322,"['regas', 'trgas', 'mk', 'remk', 'trmk', 'ctwav']",2,1,16,31331,14.240506329113924,25
323,"['rerp', 'trrp', 'trgas', 'regad', 'trgad', 'mk', 'trmk', 'ctwav']",3,3,94,8656897,16.9831223628692,41
324,"['rerp', 'mk', 'remk']",2,1,38,146443,18.670886075949365,24
325,"['rerp', 'trrp', 'trgas', 'gad', 'trgad', 'mk', 'remk', 'trmk', 'ctwav']",2,1,38,157615,20.09493670886076,27
326,"['rp', 'trrp', 'regas', 'mk']",2,1,38,148305,21.67721518987342,25
327,"['rp', 'trrp', 'gas', 'regas', 'trgas', 'remk', 'trmk']",2,2,34,201675,19.936708860759495,43
328,"['trrp', 'regas', 'regad', 'trmk', 'ctwav']",2,1,32,108671,16.877637130801688,25
329,"['rerp', 'trrp', 'mk', 'remk']",2,1,36,133878,21.044303797468356,24
330,"['rerp', 'trrp', 'gas', 'trgas', 'mk', 'ctwav']",4,1,96,16268463,17.246835443037973,23
331,"['rerp', 'trrp', 'mk', 'remk']",2,1,35,133878,22.257383966244724,24
332,"['rp', 'rerp', 'trrp', 'gas', 'ctwav']",2,2,49,418063,19.831223628691983,43
333,"['rerp', 'trrp', 'mk', 'remk']",2,1,34,120050,22.362869198312236,24
334,"['rerp', 'regas', 'gad', 'trgad', 'mk', 'trmk']",4,1,85,13066083,13.60759493670886,24
335,"['rp', 'trrp', 'mk', 'remk']",2,1,38,148305,21.729957805907173,25
336,"['rp', 'rerp', 'gas', 'trgas', 'regad', 'remk', 'trmk', 'ctwav']",2,1,17,40318,18.09071729957806,25
337,"['rerp', 'trrp', 'trgas', 'trgad', 'remk', 'trmk', 'ctwav']",4,3,57,13428734,15.348101265822784,55
338,"['rerp', 'trrp', 'remk', 'trmk']",2,1,38,148305,22.5210970464135,25
339,"['rerp', 'trrp', 'regas', 'trgas', 'gad', 'regad', 'ctwav']",2,3,50,587650,18.09071729957806,61
340,"['trrp', 'gas', 'trgas', 'remk', 'trmk', 'ctwav']",2,2,59,599649,15.981012658227849,43
341,"['rp', 'rerp', 'trrp', 'gas', 'regas', 'trgas', 'regad', 'trgad', 'mk', 'remk', 'trmk', 'ctwav']",2,3,91,1966010,17.088607594936708,29
342,"['gas', 'regas', 'trgas', 'regad', 'mk', 'remk', 'trmk', 'ctwav']",4,3,64,16343223,12.974683544303797,55
343,"['trrp', 'trgad', 'mk', 'trmk', 'ctwav']",3,3,63,4024567,14.662447257383967,40
344,"['rerp', 'trrp', 'gas', 'regas', 'trgas', 'gad', 'trgad', 'remk', 'trmk', 'ctwav']",4,3,32,4116655,14.715189873417721,59
345,"['rerp', 'trrp', 'trgad', 'mk', 'remk']",2,1,38,150167,19.77848101265823,25
346,"['rerp', 'trrp', 'trgas', 'mk', 'remk']",2,1,38,150167,21.67721518987342,25
347,"['rp', 'rerp', 'gas', 'regas', 'gad', 'trgad', 'trmk']",4,2,84,20288097,13.976793248945148,38
348,"['rerp', 'trrp', 'trgas', 'regad', 'trgad', 'remk', 'ctwav']",3,3,95,9023007,16.61392405063291,40
349,"['rerp', 'trrp', 'regas', 'remk', 'trmk']",2,2,34,198343,21.67721518987342,41
350,"['rp', 'trrp', 'gas', 'regas', 'remk', 'trmk', 'ctwav']",2,2,35,225057,20.253164556962027,43
351,"['rp', 'trrp', 'gas', 'regas', 'trgad', 'remk', 'trmk']",2,2,33,201675,18.565400843881857,43
352,"['rp', 'regas', 'trgas', 'gad', 'trgad', 'remk', 'trmk']",4,3,66,17373432,15.137130801687764,55
353,"['rerp', 'trrp', 'gad', 'mk', 'remk']",2,1,38,150167,21.729957805907173,25
354,"['rp', 'rerp', 'gas', 'regad', 'trgad', 'trmk', 'ctwav']",3,3,37,1435725,15.50632911392405,92
355,"['regas', 'gad', 'regad', 'mk', 'remk', 'ctwav']",2,2,33,200009,15.559071729957806,43
356,"['trrp', 'gas', 'regas', 'trgas', 'gad', 'trmk', 'ctwav']",3,2,12,110565,15.50632911392405,63
357,"['rp', 'trrp', 'regas', 'gad', 'regad', 'trgad', 'trmk', 'ctwav']",2,1,63,417175,18.196202531645568,26
358,"['rp', 'rerp', 'trrp', 'gas', 'regas', 'trgas', 'regad', 'trgad', 'mk', 'ctwav']",4,3,15,1043819,15.664556962025317,128
359,"['rp', 'rerp', 'trrp', 'gas', 'trgas', 'gad', 'regad', 'remk', 'trmk']",2,2,95,1519575,17.879746835443036,21
360,"['rp', 'rerp', 'trrp', 'gas', 'trgas', 'gad', 'regad', 'mk', 'remk', 'trmk']",2,2,95,1524279,17.668776371308017,20
361,"['rerp', 'trrp', 'mk', 'remk', 'trmk']",2,1,38,150167,21.30801687763713,25
362,"['trrp', 'gas', 'regas', 'trgas', 'gad', 'trmk', 'ctwav']",4,2,61,11075997,13.660337552742616,39
363,"['rp', 'trrp', 'gas', 'regas', 'mk']",2,1,38,150167,19.567510548523206,25
364,"['rp', 'trrp', 'gas', 'remk', 'trmk']",2,2,35,221529,21.044303797468356,43
365,"['gas', 'trgas', 'trgad', 'remk', 'trmk']",2,1,24,63657,15.137130801687764,25
366,"['regas', 'trgas', 'gad', 'trgad', 'remk', 'trmk', 'ctwav']",2,1,59,365844,13.60759493670886,26
367,"['rp', 'trrp', 'gas', 'regas', 'regad', 'remk', 'trmk', 'ctwav']",2,1,93,874779,17.51054852320675,26
368,"['rp', 'regas', 'trgas', 'trgad', 'remk', 'ctwav']",2,2,88,1268779,16.139240506329113,44
369,"['rerp', 'trrp', 'trgas', 'remk', 'trmk']",2,1,38,150167,20.622362869198312,25
370,"['trrp', 'regas', 'gad', 'mk', 'remk']",3,2,14,147045,14.820675105485233,62
371,"['rp', 'trrp', 'regas', 'trgas', 'trgad', 'mk', 'remk']",2,2,84,1162137,17.72151898734177,44
372,"['rp', 'rerp', 'trrp', 'regas', 'regad', 'mk', 'remk', 'trmk']",4,2,75,16621961,15.981012658227849,40
373,"['rp', 'gad', 'regad', 'trgad', 'mk', 'remk', 'trmk']",2,1,85,732135,16.719409282700422,26
374,"['rp', 'trrp', 'gas', 'trgas', 'gad', 'trgad', 'mk', 'trmk', 'ctwav']",2,1,16,33683,18.459915611814345,27
375,"['trrp', 'regas', 'mk', 'remk']",2,1,38,148305,17.72151898734177,25
376,"['rp', 'gas', 'trgad', 'ctwav']",3,1,31,452543,16.033755274261605,37
377,"['rp', 'rerp', 'trrp', 'mk', 'remk']",2,1,38,150167,21.466244725738395,25
378,"['rp', 'rerp', 'gas', 'trgas', 'trgad', 'mk', 'remk', 'trmk']",4,2,81,19340025,14.715189873417721,40
379,"['rp', 'trrp', 'gas', 'trgas', 'mk', 'remk', 'trmk', 'ctwav']",4,1,78,10764409,15.717299578059071,24
380,"['rp', 'gas', 'regas', 'gad', 'regad', 'trgad', 'remk', 'trmk', 'ctwav']",3,3,35,1294140,15.559071729957806,96
381,"['rp', 'trrp', 'gas', 'trgas', 'remk']",2,1,28,84676,19.462025316455698,25
382,"['rp', 'trrp', 'regas', 'trgas', 'gad', 'regad', 'trgad', 'mk', 'remk', 'trmk', 'ctwav']",2,3,21,125531,18.829113924050635,66
383,"['regas', 'gad', 'trgad', 'remk', 'ctwav']",2,2,18,59519,14.556962025316455,41
384,"['rerp', 'trrp', 'gad']",2,1,34,118384,20.042194092827003,23
385,"['rerp', 'trrp', 'remk']",2,1,38,146443,21.571729957805907,24
386,"['rp', 'rerp', 'trrp', 'gas', 'regas', 'gad', 'regad', 'trgad', 'remk', 'trmk']",2,1,95,920847,16.824894514767934,28
387,"['rp', 'rerp', 'trrp', 'regas', 'trgas', 'gad', 'trgad', 'mk', 'ctwav']",4,1,69,8682121,14.18776371308017,25
388,"['rerp', 'trrp', 'trgas', 'mk', 'remk', 'ctwav']",2,1,34,123382,19.831223628691983,25
389,"['rerp', 'trrp', 'mk', 'remk', 'ctwav']",2,1,34,121716,21.99367088607595,25
390,"['rp', 'trrp', 'gas', 'mk', 'remk']",2,1,38,150167,22.310126582278482,25
391,"['rp', 'rerp', 'trrp', 'regas', 'trgas', 'remk', 'trmk']",2,2,95,1510167,20.675105485232066,19
392,"['rp', 'rerp', 'trrp', 'gas', 'regas', 'trgas', 'mk']",2,2,95,1510167,20.253164556962027,19
393,"['trrp', 'regas', 'gad', 'trgad', 'mk']",4,2,73,15750383,13.080168776371307,39
394,"['rp', 'trrp', 'gas', 'mk', 'remk']",2,1,37,150167,20.991561181434598,25
395,"['rp', 'rerp', 'trrp', 'gas', 'mk', 'remk']",2,1,38,152029,22.09915611814346,25
396,"['rp', 'trrp', 'gas', 'mk', 'remk', 'ctwav']",2,1,38,152029,21.09704641350211,25
397,"['trrp', 'regas', 'gad', 'regad', 'trgad', 'trmk']",2,2,55,524283,15.770042194092827,43
398,"['rp', 'trrp', 'gas', 'regas', 'trgas', 'remk', 'trmk']",2,2,35,225057,20.569620253164558,43
399,"['rp', 'rerp', 'trrp', 'regas', 'gad', 'trgad', 'remk', 'ctwav']",2,1,95,911439,17.827004219409282,26
400,"['rerp', 'gas', 'trgas', 'regad', 'trgad', 'mk']",2,3,68,1069220,17.352320675105485,61
401,"['rp', 'rerp', 'trrp', 'gas', 'regas', 'trgas', 'regad', 'trmk', 'ctwav']",4,2,65,12551555,15.50632911392405,42
402,"['rp', 'trrp', 'gad', 'regad', 'trmk', 'ctwav']",2,3,87,1776165,16.61392405063291,27
403,"['rerp', 'trrp', 'gad', 'mk', 'remk', 'trmk']",2,1,34,123382,20.569620253164558,25
404,"['rerp', 'trrp', 'trgas', 'mk']",2,1,34,120050,21.41350210970464,24
405,"['rp', 'trrp', 'regas', 'mk', 'remk', 'trmk']",2,1,38,152029,21.255274261603375,25
406,"['trrp', 'gas', 'trmk', 'ctwav']",2,1,38,148305,18.037974683544302,25
407,"['rerp', 'trrp', 'gas', 'trmk', 'ctwav']",2,2,54,485633,18.40717299578059,43
408,"['rerp', 'trrp', 'gas', 'trgas', 'gad', 'trgad']",2,2,64,680071,17.72151898734177,43
409,"['rp', 'rerp', 'regas', 'trgad', 'remk', 'ctwav']",4,2,51,7801053,15.453586497890296,39
410,"['gas', 'regas', 'trgas', 'gad', 'regad', 'mk', 'remk']",4,3,34,4638224,11.972573839662447,55
411,"['rp', 'rerp', 'trrp', 'regas', 'trgas', 'gad', 'remk', 'trmk', 'ctwav']",3,3,51,2675504,16.61392405063291,43
412,"['rp', 'rerp', 'trrp', 'gad', 'mk']",2,1,38,150167,17.985232067510548,25
413,"['rp', 'rerp', 'trrp', 'regas', 'trgas', 'regad', 'remk', 'trmk', 'ctwav']",2,2,96,1519575,18.354430379746834,20
414,"['rerp', 'trgas', 'trgad', 'ctwav']",2,1,18,36790,17.29957805907173,23
415,"['rerp', 'trgas', 'ctwav']",2,1,26,71194,18.61814345991561,23
416,"['rp', 'rerp', 'regas', 'regad', 'ctwav']",2,2,78,997229,16.455696202531644,43
417,"['trrp', 'regas', 'trgas', 'gad', 'regad', 'trgad', 'mk']",4,2,29,2615693,13.449367088607595,39
418,"['rerp', 'trrp', 'gas', 'regas', 'trgas', 'gad', 'trgad', 'ctwav']",2,1,12,20220,17.932489451476794,26
419,"['rp', 'trrp', 'gas', 'regas', 'trgad', 'remk', 'trmk']",2,2,35,225057,18.61814345991561,43
420,"['rp', 'rerp', 'trrp', 'gas', 'regas', 'trgas', 'remk', 'trmk', 'ctwav']",2,2,95,1519575,21.044303797468356,20
421,"['gas', 'regas', 'mk', 'remk', 'trmk', 'ctwav']",2,2,19,73509,17.985232067510548,41
422,"['gas', 'remk', 'trmk', 'ctwav']",2,2,16,47135,17.563291139240505,41
423,"['rerp', 'trrp', 'gas', 'regas', 'ctwav']",4,2,93,25380273,15.453586497890296,39
424,"['rp', 'gas', 'gad', 'regad', 'trmk']",4,1,59,6378384,14.504219409282701,23
425,"['rerp', 'gas', 'regas', 'trgas', 'gad', 'remk', 'trmk']",3,3,56,3092877,15.717299578059071,40
426,"['rerp', 'trrp', 'gas', 'trgas', 'regad', 'mk', 'remk', 'trmk']",3,3,53,2880087,17.616033755274263,41
427,"['rerp', 'trrp', 'gas', 'remk', 'trmk']",2,1,34,121716,22.626582278481013,25
428,"['rerp', 'trrp', 'gas', 'mk', 'remk']",2,1,35,135642,22.5210970464135,25
429,"['rerp', 'regas', 'trgas', 'gad', 'regad', 'remk', 'ctwav']",4,3,43,7746382,15.189873417721518,55
430,"['rp', 'trgas', 'gad', 'trgad', 'mk', 'remk']",2,2,42,300149,16.561181434599156,43
431,"['rp', 'trrp', 'gas', 'regad', 'mk', 'remk', 'trmk']",2,1,38,153891,19.831223628691983,25
432,"['trrp', 'gas', 'trgas', 'gad', 'trgad', 'mk', 'ctwav']",3,1,52,1182922,14.135021097046414,39
433,"['rerp', 'trrp', 'gas', 'mk', 'remk', 'trmk']",2,1,34,123382,21.20253164556962,25
434,"['rerp', 'trrp', 'gas', 'trgas', 'gad', 'trgad', 'ctwav']",2,1,87,765705,17.352320675105485,26
435,"['rp', 'trrp', 'trgas', 'regad', 'remk', 'trmk']",4,1,47,4095339,14.662447257383967,23
436,"['rerp', 'trrp', 'gas', 'remk', 'trmk', 'ctwav']",2,1,35,137406,21.30801687763713,25
437,"['rerp', 'trrp', 'gas', 'regas', 'regad', 'remk']",2,1,34,123382,19.567510548523206,25
438,"['rerp', 'trrp', 'gas', 'regad', 'remk']",2,1,34,121716,19.936708860759495,25
439,"['rerp', 'trrp', 'gad', 'regad', 'trgad', 'mk', 'ctwav']",2,2,53,490925,17.668776371308017,44
440,"['rp', 'rerp', 'gas', 'regad', 'mk', 'remk']",3,3,39,1587089,15.453586497890296,40
441,"['rerp', 'trrp', 'remk', 'trmk']",2,1,34,120050,22.046413502109704,24
442,"['rp', 'trrp', 'regas', 'trgas', 'gad', 'remk', 'trmk']",4,3,65,17373432,15.611814345991561,55
443,"['rp', 'gas', 'regas', 'trgad', 'mk', 'trmk', 'ctwav']",2,2,25,121367,18.459915611814345,43
444,"['regas', 'trgas', 'regad', 'trgad', 'mk', 'remk', 'ctwav']",2,2,21,88797,15.928270042194093,43
445,"['rp', 'gas', 'mk', 'remk']",2,1,38,148305,20.253164556962027,25
446,"['trgas', 'regad', 'trgad', 'ctwav']",3,2,42,1257497,12.552742616033756,64
447,"['rp', 'gas', 'gad']",4,3,24,2318373,14.556962025316455,54
448,"['rerp', 'trrp', 'gas', 'remk', 'trmk']",2,1,34,121716,21.940928270042193,25
