,img_coding,num_layer,num_cell,start_cell_dim,parameter_num,acc,f-1_score,roc_auc_score,time
0,"['trrp', 'gas', 'regas', 'trgas', 'mk', 'ctwav']",4,1,92,14974509,79.83333333333333,0.7924775287081115,0,92
1,"['rp', 'rerp', 'gad', 'regad', 'trgad', 'remk', 'trmk']",3,2,50,1790134,76.83333333333333,0.7610933751491028,0,104
2,"['rp', 'rerp', 'trrp', 'gas', 'regad', 'trgad', 'mk', 'trmk']",3,2,29,657974,75.66666666666667,0.7489318624421599,0,178
3,"['regas', 'trgas', 'gad', 'remk', 'ctwav']",2,3,70,1132466,75.16666666666667,0.7490710581900514,0,98
4,"['rp', 'rerp', 'trrp', 'regas', 'trgad', 'ctwav']",2,2,63,684124,74.0,0.7281594710276278,0,121
5,"['gas', 'trgas', 'gad', 'regad', 'mk', 'remk', 'trmk']",4,1,22,882320,75.83333333333333,0.7480147949832631,0,147
6,"['trrp', 'trgas', 'regad', 'trmk']",2,3,43,454855,68.66666666666667,0.6866320154347479,0,169
7,"['rp', 'rerp', 'gas', 'regas', 'gad', 'trgad', 'mk', 'remk', 'ctwav']",4,2,84,20322810,80.16666666666667,0.7967535624787611,0,121
8,"['rp', 'rerp', 'regas', 'regad', 'mk', 'ctwav']",2,3,24,143442,60.833333333333336,0.580959242899937,0,147
9,"['trrp', 'gas', 'trgas', 'gad', 'trgad', 'remk', 'trmk']",4,2,65,12565898,79.83333333333333,0.7925383813874862,0,110
10,"['trgas', 'trgad', 'mk', 'trmk']",2,3,86,1693936,76.0,0.7566581798049694,0,88
11,"['rp', 'rerp', 'trrp', 'gas', 'regas', 'gad', 'regad', 'remk', 'ctwav']",4,1,45,3784606,78.83333333333333,0.7811116327710418,0,90
12,"['gas', 'regas', 'trgas', 'regad', 'trgad', 'ctwav']",4,1,38,2587926,78.66666666666667,0.7800495290535447,0,80
13,"['rp', 'rerp', 'trrp', 'gad', 'mk', 'remk', 'trmk']",3,3,79,6290640,79.33333333333333,0.7863305243960109,0,108
14,"['rp', 'rerp', 'gas', 'trmk']",3,1,58,1466517,76.83333333333333,0.759397987818805,0,67
15,"['trrp', 'regas', 'trgas', 'gad', 'regad', 'trgad', 'mk', 'remk', 'ctwav']",2,2,16,52084,51.166666666666664,0.4749878428606331,0,131
16,"['rerp', 'gas', 'trgas', 'remk', 'ctwav']",4,3,69,19551216,79.66666666666667,0.791377088190522,0,146
17,"['rp', 'trrp', 'regas', 'gad', 'regad', 'trgad', 'mk', 'trmk']",3,1,25,310597,74.16666666666667,0.7320229808733084,0,114
18,"['rp', 'gas', 'regas', 'regad', 'trgad', 'remk', 'trmk']",3,3,47,2286024,76.16666666666667,0.755177975466088,0,110
19,"['rerp', 'trrp', 'trgas', 'gad', 'mk', 'ctwav']",2,2,90,1331384,77.33333333333333,0.7648968623968624,0,68
20,"['rp', 'trgad', 'mk', 'remk', 'ctwav']",2,1,77,603292,71.5,0.7033716749333702,0,84
21,"['rerp', 'trrp', 'gas', 'regas', 'trgas', 'gad', 'regad', 'trmk']",3,2,33,840352,78.0,0.775896788248619,0,158
22,"['rerp', 'regas', 'trgas', 'regad', 'mk', 'remk', 'trmk']",3,2,13,150496,64.16666666666667,0.6313102745830569,0,158
23,"['rp', 'trrp', 'gas', 'gad', 'trgad', 'ctwav']",4,3,56,12537074,79.16666666666667,0.7838049411722404,0,149
24,"['rp', 'trrp', 'regad', 'remk', 'ctwav']",2,1,52,276583,66.16666666666667,0.6574996310026759,0,85
25,"['rerp', 'gas', 'regas', 'trgas', 'gad', 'trgad', 'mk', 'trmk']",4,3,96,36719412,80.33333333333333,0.7974418209879239,0,150
26,"['rerp', 'trrp', 'regas', 'trgas', 'trgad', 'remk', 'trmk']",2,1,75,581289,76.66666666666667,0.7620017277373804,0,84
27,"['rp', 'gas', 'gad', 'regad', 'mk', 'ctwav']",4,2,31,2981644,78.5,0.7786060135641171,0,104
28,"['rerp', 'trrp', 'gas', 'trgas', 'regad', 'trgad', 'mk', 'remk', 'ctwav']",4,3,17,1321659,78.33333333333333,0.7759803172129865,0,163
29,"['rp', 'regas', 'gad', 'trmk']",3,2,61,2728462,75.5,0.7454718063943173,0,98
30,"['rp', 'trrp', 'gas', 'regas', 'mk', 'remk', 'trmk']",3,3,83,6930753,80.5,0.7960680588039314,0,109
31,"['rerp', 'trgas', 'gad', 'regad', 'trgad', 'ctwav']",2,1,39,170090,66.66666666666667,0.6595136454009788,0,86
32,"['rp', 'rerp', 'trrp', 'trgas', 'remk', 'trmk', 'ctwav']",4,3,13,804670,78.0,0.7749100808020246,0,249
33,"['gas', 'regas', 'gad', 'regad', 'trgad', 'mk']",3,2,54,2081030,76.16666666666667,0.7525964718626922,0,89
34,"['trrp', 'regas', 'regad', 'trgad', 'remk']",3,3,76,5674087,78.0,0.776918691166186,0,107
35,"['rp', 'rerp', 'gas', 'trgas', 'gad', 'mk', 'trmk', 'ctwav']",2,1,35,143223,67.0,0.6618736392743325,0,91
36,"['trrp', 'gas', 'trgad', 'mk', 'remk', 'trmk', 'ctwav']",2,1,48,242160,74.0,0.7311681164446202,0,87
37,"['rp', 'rerp', 'regas', 'trgas', 'gad', 'regad']",4,3,89,32275071,79.66666666666667,0.7923006449013315,0,147
38,"['rp', 'rerp', 'trrp', 'gas', 'regas', 'trgas', 'regad', 'mk', 'remk']",2,1,68,476179,72.5,0.7245982870961782,0,82
39,"['gad', 'trgad', 'trmk', 'ctwav']",4,2,27,2286106,76.5,0.7525001916715472,0,103
40,"['gas', 'regad', 'remk', 'trmk', 'ctwav']",2,1,81,664731,70.66666666666667,0.7005720630882681,0,82
41,"['rp', 'rerp', 'trrp', 'regas', 'trgas', 'gad', 'trgad', 'mk']",3,2,40,1155840,78.33333333333333,0.7786573100837133,0,96
42,"['rp', 'rerp', 'gas', 'regas', 'trgas', 'trgad', 'remk']",3,1,19,187235,75.83333333333333,0.7513913335172926,0,115
43,"['trrp', 'gad', 'regad', 'mk', 'trmk', 'ctwav']",4,3,60,14383695,77.5,0.7651099282927928,0,146
44,"['rp', 'rerp', 'trgas', 'regad', 'trgad', 'mk', 'remk', 'trmk', 'ctwav']",4,3,73,21855977,79.0,0.7848395297562748,0,172
45,"['trrp', 'gas', 'regas', 'gad']",3,1,32,457268,78.16666666666667,0.7780374555149759,0,113
46,"['regas', 'mk', 'remk']",3,3,54,2874816,68.0,0.6744172186291247,0,107
47,"['rp', 'rerp', 'trrp', 'gas', 'trgas', 'gad', 'regad', 'trgad', 'trmk', 'ctwav']",2,2,95,1530348,75.16666666666667,0.7441323987698628,0,70
48,"['rp', 'regas', 'trgas', 'mk', 'trmk', 'ctwav']",4,1,41,3154837,79.33333333333333,0.7881246558738817,0,71
49,"['rerp', 'trrp', 'gas', 'gad', 'regad', 'trgad', 'remk']",3,3,85,7261920,80.16666666666667,0.7979404071223293,0,107
50,"['rerp', 'regad', 'trgad', 'mk']",3,1,63,1780780,76.5,0.7580856970230146,0,66
51,"['rp', 'trrp', 'gas', 'regas', 'trgas', 'gad', 'remk', 'trmk', 'ctwav']",2,2,20,77730,53.5,0.48355311706224813,0,149
52,"['rerp', 'gas', 'regas', 'trgad', 'trmk', 'ctwav']",2,3,29,219246,67.83333333333333,0.6547071206477436,0,149
53,"['rp', 'trrp', 'trgas', 'gad', 'regad', 'mk', 'remk']",4,2,72,14943192,78.83333333333333,0.7802641247740857,0,128
54,"['rp', 'gas', 'trgas', 'regad']",2,3,93,2019202,76.66666666666667,0.7615245615287679,0,96
55,"['rerp', 'trrp', 'regas', 'gad', 'trgad', 'mk', 'remk', 'trmk', 'ctwav']",4,1,50,4464297,78.5,0.7783799989838673,0,91
56,"['rerp', 'trrp', 'gas', 'regas', 'regad', 'mk', 'trmk', 'ctwav']",2,2,58,570460,74.5,0.7376494261672278,0,127
57,"['rp', 'trgas', 'gad', 'trgad', 'remk']",3,1,15,121160,72.83333333333333,0.7175335671787304,0,115
58,"['rp', 'trrp', 'gas', 'trgas', 'trgad', 'mk']",2,3,36,311469,70.83333333333333,0.7046545873283209,0,157
59,"['rerp', 'regas', 'gad', 'regad', 'remk', 'trmk', 'ctwav']",4,2,79,18432660,78.16666666666667,0.7729408183624618,0,114
60,"['rp', 'trrp', 'regas', 'trgas', 'regad', 'trgad', 'trmk', 'ctwav']",4,1,88,13715014,79.83333333333333,0.7897157998009727,0,80
61,"['rerp', 'gas', 'gad', 'mk', 'remk']",3,2,45,1514356,78.33333333333333,0.7786065374714923,0,98
62,"['rerp', 'trrp']",3,2,23,419208,75.83333333333333,0.7508601900871908,0,170
63,"['rp', 'gas', 'regas', 'trgas', 'gad', 'regad', 'trgad', 'mk', 'remk', 'trmk', 'ctwav']",2,3,67,1090185,73.83333333333333,0.7371919021915425,0,102
64,"['rp', 'trrp', 'regas', 'regad', 'remk', 'ctwav']",3,2,32,743372,73.0,0.7216317768059255,0,173
65,"['rerp', 'gas', 'trgas', 'gad', 'trgad', 'mk', 'trmk']",4,1,73,9713207,79.16666666666667,0.7850102446498328,0,82
66,"['rerp', 'trrp', 'trgas', 'trgad', 'remk', 'trmk']",2,3,94,2028414,75.33333333333333,0.7449803715317387,0,87
67,"['rp', 'gas', 'regas', 'gad', 'regad', 'mk', 'ctwav']",3,2,53,2083676,76.66666666666667,0.762139390982247,0,95
68,"['rerp', 'trrp', 'gas', 'regas', 'trgas', 'regad', 'trgad', 'mk', 'remk', 'ctwav']",4,1,40,2872290,80.33333333333333,0.7966730359971712,0,84
69,"['rp', 'gad', 'trmk']",2,2,81,1097342,75.5,0.7458083814435498,0,68
70,"['rp', 'trrp', 'gas', 'mk', 'remk', 'trmk']",4,2,60,10391970,78.66666666666667,0.77893707287936,0,104
71,"['rerp', 'regas', 'trgas', 'gad', 'regad', 'trgad', 'ctwav']",3,3,19,409905,75.5,0.7491327507812229,0,185
72,"['rerp', 'gas', 'regas', 'trgas', 'remk', 'ctwav']",4,2,89,23304164,80.83333333333333,0.8038092115442027,0,105
73,"['rp', 'trrp', 'gad', 'regad', 'trgad', 'mk', 'trmk']",2,3,48,546072,73.66666666666667,0.7282313497712608,0,144
74,"['rp', 'gas', 'regad', 'trgad', 'remk', 'trmk']",4,1,27,1416125,75.5,0.7496328802846728,0,86
75,"['rerp', 'trrp', 'regas', 'trgas', 'gad', 'mk', 'ctwav']",2,3,68,1076857,74.66666666666667,0.7370247461603969,0,83
76,"['rp', 'regas', 'trgad', 'mk', 'remk', 'ctwav']",3,3,55,3098386,76.16666666666667,0.7531995090318216,0,125
77,"['rerp', 'trrp', 'gas', 'trgas', 'gad', 'regad', 'trmk']",4,1,14,365162,77.83333333333333,0.7716242776308061,0,137
78,"['rerp', 'trgas', 'regad', 'mk', 'remk', 'trmk']",2,2,35,225582,59.333333333333336,0.5856776703688469,0,129
79,"['rp', 'trrp', 'gas', 'regas', 'gad', 'trgad', 'ctwav']",3,1,76,2511613,80.0,0.7929133905239818,0,68
80,"['rp', 'rerp', 'regad', 'mk', 'ctwav']",3,1,44,854221,75.33333333333333,0.749613209065014,0,129
81,"['trrp', 'gas', 'regas', 'trgas', 'gad', 'trgad', 'remk', 'trmk']",4,2,88,22292264,80.66666666666667,0.8019562348794018,0,107
82,"['regas', 'trgas', 'trgad', 'mk', 'trmk']",2,2,66,722858,77.66666666666667,0.7706533681254708,0,115
83,"['rp', 'rerp', 'trrp', 'gas', 'gad', 'regad', 'remk', 'ctwav']",3,3,22,494470,76.16666666666667,0.7583599287099085,0,187
84,"['gas', 'trgas', 'regad', 'trgad', 'ctwav']",3,2,15,192756,69.83333333333333,0.6919622276090172,0,165
85,"['rp', 'rerp', 'trrp', 'regas', 'gad', 'mk', 'remk', 'trmk']",2,1,59,372585,75.83333333333333,0.750508214829472,0,86
86,"['rp', 'rerp', 'gas', 'regas', 'trmk']",4,3,80,25515120,79.66666666666667,0.7916503871733378,0,146
87,"['trrp', 'trgas', 'gad', 'regad', 'trgad', 'mk', 'remk', 'ctwav']",3,1,36,582387,78.83333333333333,0.7837019553722677,0,122
88,"['trrp', 'gas', 'trgas', 'mk', 'ctwav']",4,3,72,20680926,80.5,0.799735292223817,0,151
89,"['rp', 'rerp', 'regas', 'gad', 'regad', 'trgad', 'remk', 'trmk']",2,1,28,90577,54.666666666666664,0.514046104173636,0,87
90,"['rp', 'rerp', 'trrp', 'gas', 'regas', 'regad', 'trgad', 'mk', 'trmk']",4,2,49,7238134,79.33333333333333,0.7880441728271179,0,124
91,"['trgas', 'gad', 'remk', 'ctwav']",2,1,93,862298,76.5,0.7601491943342799,0,84
92,"['rp', 'rerp', 'trrp', 'trgad', 'ctwav']",3,2,86,5225376,79.16666666666667,0.783226198951734,0,94
93,"['gas', 'regas', 'trgas', 'gad', 'regad', 'mk', 'remk', 'trmk']",4,3,42,7076439,76.66666666666667,0.756672942979938,0,146
94,"['trrp', 'regas', 'trgas', 'regad', 'trmk']",2,1,20,46895,52.166666666666664,0.49119960150037106,0,85
95,"['rp', 'rerp', 'gas', 'gad', 'trgad', 'mk', 'remk', 'ctwav']",3,3,64,4043404,80.16666666666667,0.7958405362006116,0,111
96,"['rerp', 'trrp', 'gas', 'regad', 'mk', 'trmk', 'ctwav']",3,2,78,4312640,78.83333333333333,0.7828054619224023,0,87
97,"['rp', 'regas', 'trgas', 'gad', 'trgad', 'remk']",4,3,37,5796398,79.66666666666667,0.7894663801024011,0,146
98,"['rp', 'trrp', 'gas', 'regas', 'trgas', 'trgad', 'mk']",2,1,16,33144,47.333333333333336,0.40835764599537006,0,84
99,"['rerp', 'gad', 'regad', 'remk', 'trmk', 'ctwav']",3,3,57,3321095,76.83333333333333,0.7620577848286514,0,113
100,"['rp', 'trrp', 'trgas', 'regad', 'trgad', 'trmk', 'ctwav']",4,3,66,17394243,79.66666666666667,0.7909581613428025,0,163
101,"['rerp', 'gas', 'regas', 'gad', 'mk', 'remk']",2,1,25,76675,55.666666666666664,0.516455464600958,0,92
102,"['rerp', 'trrp', 'regas']",4,2,45,6119692,79.66666666666667,0.790221530860917,0,104
103,"['rp', 'gas', 'trgas', 'gad', 'regad', 'trgad', 'mk', 'remk', 'trmk', 'ctwav']",2,1,87,784206,76.83333333333333,0.7658158337763602,0,79
104,"['rp', 'trgas', 'mk', 'trmk', 'ctwav']",3,2,21,356800,67.33333333333333,0.6630696803466111,0,165
105,"['rerp', 'trrp', 'gas', 'regas', 'gad', 'regad', 'trgad', 'remk']",2,1,63,421228,74.33333333333333,0.7402484688318094,0,87
106,"['rerp', 'regas', 'regad', 'trgad', 'mk']",4,3,84,28122441,78.66666666666667,0.7806302764491956,0,147
107,"['rp', 'trrp', 'gas', 'trgas', 'gad', 'remk', 'trmk', 'ctwav']",3,1,42,785953,77.5,0.7699380955090337,0,109
108,"['rerp', 'gas', 'trgad', 'trmk', 'ctwav']",3,1,51,1185491,79.83333333333333,0.7911603584479813,0,69
109,"['rp', 'trrp', 'regas', 'trgas', 'gad', 'regad', 'mk', 'remk']",4,3,92,33731055,80.33333333333333,0.7979442521702583,0,153
110,"['rp', 'gas', 'regas', 'trgas', 'regad']",2,2,71,857112,73.16666666666667,0.7281657688940634,0,118
111,"['rerp', 'trrp', 'gad', 'trgad', 'mk', 'remk', 'trmk', 'ctwav']",3,3,29,906816,76.0,0.7518919459677637,0,198
112,"['gas', 'regas', 'regad', 'remk', 'trmk', 'ctwav']",3,3,61,3790444,75.0,0.7425553824875007,0,120
113,"['rp', 'rerp', 'trrp', 'trgas', 'gad', 'trgad', 'mk']",4,1,17,595693,77.83333333333333,0.7758969713026787,0,145
114,"['rp', 'rerp', 'gas', 'trgas', 'trgad', 'remk']",2,2,38,249966,74.16666666666667,0.7316769313940872,0,124
115,"['trrp', 'regas', 'gad', 'regad', 'mk', 'trmk', 'ctwav']",3,1,82,2917845,75.5,0.7482193389953351,0,69
116,"['rp', 'rerp', 'regas', 'trgas', 'regad', 'trgad', 'mk', 'remk', 'trmk', 'ctwav']",4,2,96,26523180,80.66666666666667,0.7998335416060884,0,138
117,"['trrp', 'gas', 'gad']",2,3,52,627765,76.16666666666667,0.7588033943742452,0,150
118,"['mk', 'remk']",4,1,31,1836532,70.83333333333333,0.6951923677233611,0,81
119,"['rp', 'rerp', 'trrp', 'gas', 'regas', 'trgas', 'gad', 'regad', 'trgad', 'trmk', 'ctwav']",2,3,75,1354019,74.0,0.732434992573657,0,87
120,"['rp', 'rerp', 'trrp', 'regas', 'trgas', 'remk', 'trmk', 'ctwav']",3,1,33,521203,78.66666666666667,0.780698482785069,0,125
121,"['gas', 'gad', 'regad', 'trgad', 'mk']",2,2,77,1002164,73.5,0.7322275135011393,0,69
122,"['trrp', 'regad', 'trgad', 'remk']",4,2,56,9053496,78.33333333333333,0.7721206652348148,0,104
123,"['rp', 'rerp', 'gas', 'regas', 'trgas', 'gad', 'mk', 'trmk', 'ctwav']",2,3,12,41403,35.5,0.28191763791184904,0,149
124,"['trrp', 'gas', 'regas', 'trgad', 'mk', 'remk', 'trmk', 'ctwav']",3,2,26,497868,75.66666666666667,0.7508672466318864,0,172
125,"['rp', 'rerp', 'trgas', 'gad', 'regad']",4,1,70,8690472,78.66666666666667,0.778901687107805,0,78
126,"['rp', 'rerp', 'trrp', 'gas', 'trgas', 'regad', 'mk', 'remk']",2,3,91,1953795,73.33333333333333,0.7298580880414909,0,88
127,"['regas', 'gad', 'trgad', 'trmk', 'ctwav']",3,2,47,1647204,76.16666666666667,0.7533884032490843,0,87
128,"['gas', 'regad', 'trgad', 'mk', 'remk', 'trmk', 'ctwav']",2,3,93,2033020,75.66666666666667,0.7498393017686776,0,87
129,"['rp', 'rerp', 'trrp', 'regas', 'trgas', 'gad']",3,2,49,1787684,77.33333333333333,0.7661579711698838,0,89
130,"['rp', 'rerp', 'gas', 'regas', 'trgas', 'mk', 'remk']",3,2,27,573878,77.33333333333333,0.76846606440926,0,164
131,"['trrp', 'gad', 'regad', 'trgad', 'trmk', 'ctwav']",4,1,71,9194874,78.66666666666667,0.7766651702656883,0,79
132,"['rp', 'rerp', 'trgas', 'regad', 'remk', 'trmk', 'ctwav']",4,2,65,12565898,79.16666666666667,0.7858647166843649,0,104
133,"['trrp', 'gas', 'regas', 'gad', 'trgad', 'mk']",3,3,21,492314,77.16666666666667,0.7648510368121914,0,189
134,"['regas', 'trgad', 'remk']",4,1,42,3148663,77.0,0.758315774762242,0,80
135,"['rp', 'rerp', 'trrp', 'gas', 'trgas', 'gad', 'regad', 'mk', 'trmk', 'ctwav']",2,2,86,1234718,73.5,0.7324704504623349,0,78
136,"['rp', 'rerp', 'trrp', 'trgas', 'trgad', 'mk', 'remk', 'trmk', 'ctwav']",4,1,22,884476,77.83333333333333,0.7717648809128483,0,159
137,"['gas', 'regas', 'gad', 'regad']",2,2,66,719624,73.0,0.7276957482852809,0,117
138,"['trrp', 'regas', 'regad', 'mk', 'remk']",4,1,87,13702078,78.83333333333333,0.781563957853566,0,79
139,"['rp', 'rerp', 'gas', 'trgas', 'gad', 'trgad', 'trmk', 'ctwav']",2,3,43,463479,73.66666666666667,0.7278572208662368,0,146
140,"['trrp', 'gas', 'remk', 'trmk', 'ctwav']",2,3,37,343626,68.66666666666667,0.6794915360106665,0,165
141,"['rp', 'rerp', 'regas', 'trgas', 'gad', 'regad', 'trgad', 'mk']",3,1,81,2921863,79.33333333333333,0.7900527935842244,0,78
142,"['rp', 'rerp', 'trrp', 'gas', 'regas', 'trgas', 'regad', 'trgad', 'remk']",3,3,59,3561075,79.0,0.7873308164330847,0,125
143,"['gad', 'mk', 'trmk', 'ctwav']",4,2,15,757636,74.16666666666667,0.7335182665590078,0,176
144,"['rerp', 'trrp', 'gas', 'regas', 'regad', 'trgad', 'trmk', 'ctwav']",2,2,68,776518,69.33333333333333,0.6870537707691453,0,116
145,"['rp', 'trgas', 'gad', 'mk', 'remk']",3,3,26,681317,72.16666666666667,0.7139452566622441,0,186
146,"['rp', 'trrp', 'gas', 'trgas']",3,1,48,1010736,75.83333333333333,0.7488093049818718,0,67
147,"['rerp', 'regas', 'gad', 'regad', 'trgad', 'mk', 'remk', 'trmk', 'ctwav']",4,2,89,23317394,78.83333333333333,0.7808151024180099,0,126
148,"['rp', 'trrp', 'regas', 'trgas', 'regad', 'mk', 'trmk', 'ctwav']",4,3,76,23045787,80.33333333333333,0.7972416265141059,0,147
149,"['rerp', 'gas', 'gad', 'trgad', 'remk']",3,2,35,934746,81.33333333333333,0.8077893089994316,0,172
150,"['rerp', 'trrp', 'trgad', 'mk']",3,3,14,203412,71.5,0.7083706850586983,0,185
151,"['rp', 'gas', 'regas', 'trgas', 'gad', 'regad', 'remk', 'trmk', 'ctwav']",2,1,55,329662,73.0,0.7210927465444225,0,81
152,"['rp', 'regas', 'trgas', 'trgad', 'trmk', 'ctwav']",4,3,53,11660994,79.33333333333333,0.7867580633248288,0,182
153,"['rerp', 'trrp', 'gas', 'gad', 'regad', 'mk', 'remk']",2,1,94,876116,77.83333333333333,0.7724700722045587,0,85
154,"['rerp', 'regad']",4,3,73,21830595,72.33333333333333,0.7117823755736096,0,147
155,"['rp', 'trrp', 'gas', 'regas', 'trgas', 'gad', 'trgad', 'mk', 'remk', 'trmk', 'ctwav']",2,2,32,188140,68.83333333333333,0.6740946146900001,0,131
156,"['rerp', 'gas', 'regas', 'mk', 'trmk', 'ctwav']",2,1,19,47875,50.166666666666664,0.4450094176402732,0,84
157,"['rp', 'trrp', 'trgas', 'gad', 'regad', 'trgad', 'remk']",3,2,60,2565990,77.83333333333333,0.7719556851418474,0,84
158,"['rp', 'gas', 'trgas', 'regad', 'trgad', 'mk']",3,1,82,2913827,77.83333333333333,0.773034190314006,0,67
159,"['rerp', 'trrp', 'regas', 'gad', 'remk', 'trmk', 'ctwav']",4,3,40,6420710,80.83333333333333,0.7998966687625884,0,163
160,"['rp', 'gas', 'gad']",4,3,24,2325954,77.16666666666667,0.7671225461545826,0,149
161,"['rp', 'rerp', 'regas', 'trgas', 'gad', 'trgad', 'remk', 'trmk']",2,3,70,1142756,71.66666666666667,0.7090385310370054,0,85
162,"['rp', 'rerp', 'trrp', 'regas', 'trgas', 'gad', 'remk']",3,2,37,1043140,79.66666666666667,0.7925649289949666,0,92
163,"['rp', 'rerp', 'trrp', 'trgas', 'trgad', 'mk', 'remk']",3,3,61,3793482,79.83333333333333,0.7928766192079558,0,113
164,"['rerp', 'trgas', 'regad', 'mk', 'trmk']",4,2,81,19353822,76.66666666666667,0.7596523815644828,0,104
165,"['rp', 'gas', 'regas', 'trgas', 'regad', 'mk', 'remk']",4,1,71,9198402,78.66666666666667,0.7813684335598792,0,77
166,"['rp', 'rerp', 'trrp', 'regas', 'trgad', 'remk']",3,2,45,1516610,78.16666666666667,0.7763108128778137,0,100
167,"['gas', 'regas', 'gad', 'trgad', 'mk', 'remk', 'trmk', 'ctwav']",2,2,86,1226290,76.33333333333333,0.7562919203179832,0,69
168,"['rerp', 'trgad', 'trmk', 'ctwav']",3,1,86,3193046,78.5,0.7784770984363796,0,65
169,"['rp', 'trrp', 'trgad', 'mk', 'remk', 'trmk']",2,2,85,1217862,73.16666666666667,0.7249408847356642,0,74
170,"['rp', 'rerp', 'regas', 'trgas', 'gad', 'trgad', 'ctwav']",4,2,45,6128708,80.16666666666667,0.7957065987735661,0,110
171,"['gas', 'trgad', 'mk']",3,1,55,1365942,77.83333333333333,0.7718453033097332,0,66
172,"['rp', 'regas', 'trgad', 'remk', 'ctwav']",4,2,72,14936136,78.83333333333333,0.779579375337923,0,104
173,"['rp', 'trrp', 'regas', 'trgas', 'gad', 'trgad', 'remk', 'ctwav']",4,2,23,1689864,78.66666666666667,0.7795183053687218,0,105
174,"['regas', 'regad', 'trmk', 'ctwav']",3,1,21,221286,65.0,0.6378015689435126,0,111
175,"['trrp', 'regas', 'trgas', 'regad', 'mk', 'remk']",4,2,95,26504364,79.16666666666667,0.7869586004200354,0,106
176,"['rp', 'trrp', 'gas', 'trmk', 'ctwav']",3,1,95,3975300,76.66666666666667,0.7608054323258591,0,66
177,"['rp', 'rerp', 'gas', 'regas', 'mk', 'ctwav']",2,3,40,381750,70.16666666666667,0.6991142993563029,0,151
178,"['rerp', 'gad', 'trgad', 'trmk', 'ctwav']",3,3,35,1292397,76.66666666666667,0.7506634812680376,0,107
179,"['rerp', 'gas', 'gad', 'trgad', 'remk', 'ctwav']",3,2,35,936510,79.0,0.7833004853340025,0,161
180,"['rerp', 'gas', 'gad', 'trgad', 'ctwav']",3,2,35,934746,77.16666666666667,0.7659276250866752,0,196
181,"['rerp', 'trgad', 'mk', 'ctwav']",3,2,35,932982,77.5,0.7635898404104084,0,167
182,"['rerp', 'gas', 'mk', 'trmk', 'ctwav']",3,2,35,934746,73.0,0.723786398757761,0,156
183,"['gas', 'trgas', 'gad', 'trgad', 'trmk', 'ctwav']",4,2,92,24348274,79.83333333333333,0.7919283233380688,0,122
184,"['rerp', 'gas', 'trgas', 'gad', 'trgad', 'ctwav']",4,2,93,25414510,80.0,0.7968174536324018,0,106
185,"['rp', 'rerp', 'trrp', 'regas', 'mk', 'trmk', 'ctwav']",4,2,81,19361858,79.33333333333333,0.7853454549618233,0,104
186,"['rp', 'rerp', 'gas', 'gad', 'trgad', 'remk']",3,1,35,578859,77.33333333333333,0.7740012584353902,0,110
187,"['rerp', 'trrp', 'gas', 'trgas', 'regad', 'trgad', 'remk', 'trmk', 'ctwav']",4,3,74,21855977,80.16666666666667,0.7961103019114865,0,186
188,"['rp', 'rerp', 'gas', 'gad', 'trgad', 'remk']",3,1,34,517871,78.16666666666667,0.7764286494935527,0,117
189,"['rp', 'rerp', 'gas', 'regas', 'gad', 'trgad', 'remk']",3,2,34,838686,76.83333333333333,0.7658634220047265,0,169
190,"['rerp', 'trrp', 'regas', 'gad', 'trgad', 'mk', 'remk', 'trmk', 'ctwav']",4,3,41,7078497,79.83333333333333,0.7919081014880583,0,174
191,"['rp', 'rerp', 'gas', 'regas', 'trgas', 'remk']",3,3,96,9032436,81.0,0.8063322918375753,0,108
192,"['rp', 'rerp', 'gas', 'regas', 'trgas', 'remk']",3,3,94,8661524,81.66666666666667,0.8135614676786099,0,122
193,"['trrp', 'gas', 'regad', 'trgad', 'trmk']",4,1,54,5189500,79.83333333333333,0.7909013748462193,0,80
194,"['rp', 'rerp', 'gas', 'regas', 'trgas', 'mk', 'remk', 'trmk']",3,3,94,8670736,81.0,0.8036417757646053,0,109
195,"['rp', 'rerp', 'gas', 'regas', 'trgas', 'mk', 'remk']",3,2,94,6244056,82.33333333333333,0.8193516281794314,0,92
196,"['rp', 'rerp', 'gas', 'regas', 'trgas', 'mk', 'remk', 'trmk']",3,2,94,6248662,79.83333333333333,0.7926310173638549,0,95
197,"['rp', 'rerp', 'gas', 'regas', 'trgas', 'remk', 'trmk']",3,2,94,6244056,81.66666666666667,0.8110281172427828,0,95
198,"['rerp', 'gas', 'regad', 'trgad', 'mk', 'remk', 'ctwav']",3,2,37,1043140,76.0,0.7528637670862344,0,92
199,"['rp', 'rerp', 'gas', 'regas', 'trgas', 'remk']",3,2,94,6239450,81.0,0.8054713746902803,0,102
200,"['rp', 'rerp', 'trrp', 'gas', 'trgas', 'regad', 'trgad', 'remk']",3,2,94,6248662,79.66666666666667,0.7906038903962581,0,101
201,"['gas', 'trgas', 'mk', 'remk']",3,1,96,3970596,77.16666666666667,0.7655537670191392,0,67
202,"['rp', 'trrp', 'regas', 'trgas', 'gad', 'trmk']",3,2,64,2912092,79.5,0.7887510147692205,0,94
203,"['rerp', 'gas', 'trgas', 'mk', 'remk']",3,1,96,3975300,78.0,0.7747303465754469,0,67
204,"['rerp', 'gas', 'regas', 'trgas', 'mk', 'remk']",3,1,96,3980004,78.16666666666667,0.7763710149686393,0,67
205,"['rerp', 'trrp', 'gas', 'regas', 'trgas', 'mk', 'remk', 'trmk']",2,1,88,775582,74.83333333333333,0.7439713404205541,0,85
206,"['rerp', 'gas', 'trgas', 'mk', 'remk', 'ctwav']",3,1,96,3980004,79.16666666666667,0.7877565627713696,0,66
207,"['rerp', 'regas', 'trgas', 'gad', 'regad']",2,3,73,1263183,72.66666666666667,0.7192274982119035,0,95
208,"['gas', 'regas', 'trgas', 'mk', 'remk', 'ctwav']",3,1,96,3980004,77.83333333333333,0.7749820053578292,0,67
209,"['rp', 'gas', 'regas', 'gad', 'mk', 'remk']",3,3,94,8661524,81.0,0.8085827186254565,0,115
210,"['rp', 'rerp', 'gas', 'regas', 'trgas', 'mk']",3,3,96,9032436,80.5,0.7998844273600297,0,131
211,"['rp', 'rerp', 'gas', 'regas', 'gad', 'mk']",3,3,96,9032436,82.16666666666667,0.8192408757953582,0,108
212,"['rerp', 'regas', 'trgas', 'trgad', 'remk', 'ctwav']",4,1,12,270369,79.0,0.7841285075857882,0,154
213,"['rp', 'trgas', 'gad', 'regad', 'mk', 'ctwav']",4,2,15,759204,76.83333333333333,0.7593030726209822,0,183
214,"['rp', 'rerp', 'gas', 'regas', 'mk']",3,3,96,9027732,80.66666666666667,0.7995748664147506,0,135
215,"['rp', 'trrp', 'gas', 'mk', 'remk']",4,3,34,4645623,78.5,0.7808081143790525,0,160
216,"['rp', 'rerp', 'regas', 'trgas', 'regad', 'trgad', 'mk', 'remk', 'trmk']",4,1,89,14346487,78.66666666666667,0.7811197221256554,0,90
217,"['gas', 'regas', 'trgas', 'trgad', 'mk', 'remk']",3,2,94,6239450,80.33333333333333,0.7970392223305653,0,91
218,"['rp', 'rerp', 'gas', 'regas', 'trgad', 'mk', 'remk']",3,2,94,6244056,82.16666666666667,0.8189429659781994,0,85
219,"['rp', 'rerp', 'trrp', 'gad', 'regad']",3,3,51,2672977,78.5,0.7788771179314994,0,108
220,"['rp', 'gas', 'regas', 'trgad', 'mk', 'remk']",3,2,94,6239450,81.33333333333333,0.8081391479875125,0,89
221,"['rerp', 'mk', 'remk']",3,1,80,2763480,73.66666666666667,0.7323903459653484,0,67
222,"['rp', 'rerp', 'gas', 'regas', 'trgad', 'mk']",3,2,94,6239450,82.0,0.8159718773969682,0,93
223,"['rp', 'gas', 'regas', 'trgad', 'mk']",3,2,94,6234844,80.0,0.7933825456735673,0,93
224,"['rp', 'rerp', 'gas', 'regas', 'trgas', 'trgad', 'mk', 'remk']",3,2,94,6248662,81.33333333333333,0.8090726826235756,0,99
225,"['rp', 'rerp', 'gas', 'trgas', 'gad', 'regad', 'mk', 'remk', 'ctwav']",3,2,94,6253268,79.66666666666667,0.7905035452823849,0,92
226,"['rp', 'rerp', 'gas', 'trgas', 'gad', 'mk', 'remk']",3,2,94,6244056,80.5,0.7989445751174785,0,95
227,"['rp', 'rerp', 'trrp', 'gas', 'regas', 'trgas', 'trgad', 'remk']",2,1,23,68718,52.0,0.47784764496781584,0,86
228,"['rp', 'rerp', 'gas', 'trgas', 'gad', 'mk', 'remk', 'ctwav']",3,2,94,6248662,81.5,0.8100051179918928,0,88
229,"['rp', 'rerp', 'trrp', 'trgas', 'gad', 'trgad', 'remk', 'ctwav']",4,3,87,30869514,78.5,0.7769762020072628,0,148
230,"['gas', 'regas', 'gad', 'regad', 'trmk', 'ctwav']",3,3,35,1294161,74.16666666666667,0.7305638349925687,0,109
231,"['trgas', 'mk', 'remk', 'trmk']",3,3,13,203412,62.5,0.6102727270433529,0,183
232,"['rp', 'gas', 'regas', 'trgas', 'trgad', 'mk', 'ctwav']",4,3,57,13447025,79.66666666666667,0.7900853457202225,0,146
233,"['rp', 'rerp', 'gas', 'regas', 'mk', 'remk']",3,2,94,6239450,80.0,0.794847995819459,0,86
234,"['gas', 'regas', 'gad', 'regad', 'mk']",4,3,38,5794536,79.0,0.7828504751058257,0,154
235,"['rp', 'gas', 'regas', 'gad', 'trgad', 'mk', 'trmk', 'ctwav']",2,3,79,1484880,78.0,0.7726704117732809,0,91
236,"['rp', 'rerp', 'trrp', 'gas', 'regas', 'mk', 'remk']",3,2,94,6244056,81.0,0.8052651611548838,0,105
237,"['rerp', 'gas', 'gad', 'regad', 'trgad', 'mk']",3,2,62,2734538,79.5,0.788148754335657,0,117
238,"['rp', 'gas', 'regas', 'gad', 'regad', 'trgad']",3,1,15,121944,73.83333333333333,0.7285018532030579,0,115
239,"['rp', 'rerp', 'trrp', 'gas', 'regas', 'gad', 'mk']",3,2,95,6510924,81.66666666666667,0.8124801195046742,0,87
240,"['rp', 'rerp', 'gas', 'gad', 'mk', 'ctwav']",3,2,95,6506220,80.66666666666667,0.801270555550102,0,90
241,"['rp', 'rerp', 'gas', 'regas', 'trgas', 'gad', 'mk']",3,2,93,6244056,81.83333333333333,0.8157974920476939,0,89
242,"['rp', 'rerp', 'gas', 'regas', 'gad', 'trgad', 'mk', 'remk', 'trmk']",3,2,96,6520332,81.0,0.8044930833874498,0,91
243,"['rp', 'rerp', 'gas', 'regas', 'trgad', 'mk', 'remk', 'ctwav']",3,2,94,6248662,81.5,0.8107922062121484,0,89
244,"['rp', 'rerp', 'regas', 'gad', 'trgad', 'mk', 'remk']",3,3,92,8304003,81.66666666666667,0.8113447139629107,0,109
245,"['rp', 'rerp', 'gas', 'regas', 'trgas', 'mk', 'remk']",3,1,96,3984708,81.33333333333333,0.8092302858433899,0,67
246,"['rp', 'rerp', 'gas', 'regas', 'gad', 'trgad', 'mk', 'remk', 'ctwav']",3,2,93,6253268,81.33333333333333,0.8110850948057841,0,93
247,"['rerp', 'trrp', 'gas', 'mk', 'remk']",3,2,38,1039416,76.66666666666667,0.7608794661380923,0,95
248,"['rp', 'rerp', 'gas', 'gad', 'trgad', 'mk', 'remk', 'trmk', 'ctwav']",3,2,74,3892718,80.5,0.8004257021787982,0,93
249,"['trgas', 'gad', 'trgad', 'mk', 'remk', 'trmk', 'ctwav']",4,3,66,17394243,78.33333333333333,0.7743300493907911,0,147
250,"['rp', 'rerp', 'regas', 'gad', 'trgad', 'mk']",3,3,95,9032436,80.66666666666667,0.8020059814061922,0,121
251,"['rp', 'rerp', 'regas', 'gad', 'trgad']",3,3,95,9027732,81.5,0.811618897136127,0,122
252,"['rp', 'rerp', 'regas', 'trgad']",3,1,95,3970596,81.66666666666667,0.8132774237124756,0,78
253,"['rp', 'rerp', 'gas', 'remk', 'trmk', 'ctwav']",2,2,24,104904,52.833333333333336,0.4828565659023363,0,125
254,"['rp', 'rerp', 'gas', 'regas', 'trgad']",3,2,94,6234844,82.0,0.8160515927240923,0,95
255,"['rp', 'regas', 'remk']",3,1,88,3337614,77.33333333333333,0.765658107600361,0,65
256,"['rerp', 'regas', 'remk']",4,1,38,2582340,68.0,0.6711212126902327,0,86
257,"['rp', 'rerp', 'trrp', 'gas', 'regas', 'trgas', 'gad', 'mk', 'remk']",3,2,96,6520332,81.33333333333333,0.8095700383220574,0,102
258,"['trrp', 'gas', 'regas', 'gad', 'regad']",2,2,15,48948,43.166666666666664,0.3826361641603935,0,128
259,"['rerp', 'trgas', 'gad', 'trgad', 'remk', 'trmk', 'ctwav']",4,2,40,4643560,79.0,0.7839948091087208,0,104
260,"['rerp', 'gas', 'trgas', 'gad', 'trgad', 'remk', 'trmk']",3,2,15,194324,75.5,0.7487057699206253,0,159
261,"['rp', 'trgas', 'mk', 'trmk']",2,1,33,122213,63.666666666666664,0.6148550027270623,0,90
262,"['rp', 'rerp', 'trrp', 'gas', 'regas', 'trgad', 'ctwav']",3,2,95,6510924,81.16666666666667,0.8055061118592549,0,101
263,"['gas', 'regas', 'remk']",3,3,91,8285971,75.66666666666667,0.7516544204886513,0,122
264,"['rp', 'gas', 'trgas', 'trgad']",3,2,35,932982,76.16666666666667,0.7545563600536006,0,165
265,"['rp', 'rerp', 'gas', 'regas', 'trgas', 'mk']",3,2,94,6239450,80.83333333333333,0.8055126956482791,0,93
266,"['rp', 'regad', 'trgad', 'mk', 'remk', 'ctwav']",3,3,69,4822166,76.5,0.7528552294723717,0,114
267,"['rp', 'rerp', 'regas', 'trgas', 'mk']",3,2,94,6234844,80.0,0.7937975658585095,0,92
268,"['rp', 'rerp', 'gas', 'regas', 'trgas', 'gad', 'mk']",3,3,96,9037140,81.5,0.8108129378672857,0,109
269,"['trgad', 'mk', 'trmk', 'ctwav']",2,2,52,452174,67.16666666666667,0.6634875281864222,0,116
270,"['rp', 'rerp', 'trrp', 'regas', 'trgad', 'mk']",3,2,92,5979002,79.83333333333333,0.7952290336468893,0,93
271,"['trrp', 'regas', 'gad', 'trgad', 'remk', 'trmk']",3,1,96,3980004,79.83333333333333,0.7922271593564499,0,67
272,"['trrp', 'gas', 'regas', 'trgas', 'gad', 'regad', 'trmk']",2,1,17,40591,50.5,0.4687638580587175,0,87
273,"['rp', 'rerp', 'trrp', 'trgas', 'gad', 'mk', 'remk', 'trmk', 'ctwav']",2,2,96,1525644,74.0,0.7329629595824575,0,78
274,"['rerp', 'trrp', 'gas', 'gad', 'regad', 'mk', 'remk', 'ctwav']",2,2,22,91282,56.666666666666664,0.526750159497745,0,118
275,"['rp', 'rerp', 'trrp', 'trgad', 'remk', 'ctwav']",2,2,91,1390410,76.16666666666667,0.751050012883887,0,71
276,"['gas', 'gad', 'trgad', 'trmk']",4,2,27,2286106,78.5,0.7771588391143514,0,103
277,"['rp', 'rerp', 'gas', 'regas', 'trgas', 'gad', 'regad', 'mk', 'remk']",3,2,94,6253268,80.0,0.7945457568244844,0,92
278,"['rp', 'rerp', 'gas', 'regas', 'gad', 'mk']",3,3,93,8661524,80.16666666666667,0.7972686947094674,0,111
279,"['rp', 'rerp', 'gas', 'regas', 'trgad', 'mk', 'remk']",3,2,93,6244056,81.5,0.8079270586355657,0,94
280,"['rp', 'rerp', 'gas', 'regas', 'regad', 'trgad']",3,2,94,6239450,80.16666666666667,0.795664848686857,0,100
281,"['regas', 'trgas', 'trmk', 'ctwav']",3,3,29,900936,73.5,0.7299422441545764,0,186
282,"['rp', 'rerp', 'gas', 'regas', 'trgad', 'remk']",3,3,94,8661524,81.5,0.8096900476830817,0,112
283,"['rp', 'rerp', 'gas', 'regas', 'trgad', 'remk']",3,2,94,6239450,82.33333333333333,0.8186310056846131,0,89
284,"['rp', 'rerp', 'trrp', 'gas', 'regas', 'trgad', 'remk']",3,2,94,6244056,82.5,0.823472179819602,0,111
285,"['rp', 'rerp', 'trrp', 'gas', 'regas', 'trgad', 'mk', 'remk']",3,1,94,3826588,81.66666666666667,0.8120266301976492,0,73
286,"['rp', 'rerp', 'trrp', 'gas', 'gad', 'regad', 'remk', 'trmk']",3,2,74,3889092,77.83333333333333,0.7746115560964464,0,85
287,"['rp', 'rerp', 'trrp', 'regas', 'gad', 'mk']",3,3,96,9032436,80.66666666666667,0.8014882254051949,0,120
288,"['rp', 'rerp', 'trrp', 'regas', 'gad', 'mk']",3,2,96,6506220,80.33333333333333,0.7990446187836484,0,86
289,"['rp', 'gas', 'trgas', 'gad', 'trgad', 'trmk']",3,2,31,743372,77.0,0.7632952111532113,0,171
290,"['rp', 'regas', 'gad', 'trgad', 'mk', 'trmk', 'ctwav']",3,1,92,3663017,77.33333333333333,0.7654481077917611,0,67
291,"['rp', 'trrp', 'gas', 'regas', 'gad', 'regad', 'trgad', 'trmk', 'ctwav']",2,3,38,351074,73.33333333333333,0.7262546314591286,0,150
292,"['rp', 'rerp', 'trrp', 'gas', 'regas', 'trgad', 'remk', 'trmk']",3,2,92,5988018,82.33333333333333,0.8197696697863971,0,100
293,"['rp', 'rerp', 'trrp', 'gas', 'regas', 'gad', 'trgad', 'remk', 'trmk']",3,2,92,5992526,82.0,0.8164412795853434,0,88
294,"['rp', 'rerp', 'trrp', 'gas', 'regas', 'gad', 'trgad', 'remk']",3,2,92,5988018,82.16666666666667,0.8183631279268982,0,97
295,"['gad', 'regad', 'trgad', 'trmk']",4,3,63,16350860,75.66666666666667,0.7460644004445325,0,147
296,"['rp', 'rerp', 'gas', 'regas', 'trgad', 'remk']",3,1,94,3817376,81.83333333333333,0.8146781030897331,0,66
297,"['rp', 'rerp', 'trrp', 'gas', 'trgad', 'remk']",3,2,94,6239450,81.5,0.8113902928943647,0,94
298,"['rp', 'trrp', 'gas', 'trgas', 'trgad', 'mk', 'remk']",4,1,37,2589788,79.33333333333333,0.7880440647007481,0,74
299,"['rp', 'rerp', 'trrp', 'gas', 'regas', 'trgad', 'remk', 'trmk', 'ctwav']",3,2,92,5992526,81.16666666666667,0.8050955757149726,0,91
300,"['rp', 'rerp', 'gas', 'regas', 'trgas', 'mk', 'remk']",3,1,94,3821982,82.5,0.8202758832545254,0,67
301,"['rp', 'rerp', 'trgas', 'gad', 'regad', 'mk', 'remk', 'trmk']",3,3,77,5985564,77.66666666666667,0.7724979920823678,0,110
302,"['rp', 'rerp', 'gas', 'gad', 'mk', 'trmk']",3,3,96,9032436,81.16666666666667,0.8066767328594291,0,110
303,"['rp', 'rerp', 'gas', 'regas', 'gad', 'mk', 'remk']",3,1,96,3984708,81.5,0.8109587405634653,0,65
304,"['rp', 'rerp', 'regas', 'trgas', 'gad']",4,2,40,4639640,80.5,0.799796451758559,0,104
305,"['rerp', 'gas', 'regas', 'regad', 'remk']",3,2,61,2731500,75.33333333333333,0.7483477063709933,0,97
306,"['trrp', 'regas', 'trgas', 'gad', 'regad', 'trgad', 'remk']",3,2,47,1651908,77.83333333333333,0.7748991595356179,0,98
307,"['rp', 'rerp', 'trrp', 'gas', 'regas', 'trgad', 'remk']",3,2,93,6244056,82.33333333333333,0.8205155232238286,0,100
308,"['rp', 'rerp', 'regas', 'trgas', 'gad', 'regad', 'mk', 'trmk']",3,1,31,463540,76.5,0.7580231463757172,0,116
309,"['rp', 'gas', 'trgad', 'mk']",4,1,52,4812543,78.83333333333333,0.7800252809650776,0,78
310,"['rp', 'rerp', 'trrp', 'gas', 'regas', 'trgad']",3,1,92,3658509,81.83333333333333,0.8116592520726658,0,64
311,"['rp', 'rerp', 'regas', 'gad', 'trgad', 'mk', 'trmk']",4,2,94,25419116,80.0,0.7926321495825018,0,107
312,"['rerp', 'trrp', 'gas', 'regas', 'trgad', 'mk', 'trmk']",3,3,49,2477871,77.83333333333333,0.7761471969112634,0,109
313,"['rp', 'rerp', 'trrp', 'gas', 'regas', 'remk']",3,1,91,3658509,80.83333333333333,0.8037661575553389,0,65
314,"['rp', 'trrp', 'gas', 'trgas', 'regad', 'trmk', 'ctwav']",3,3,49,2477871,79.0,0.7860114859714402,0,108
315,"['rp', 'rerp', 'regas', 'trgas', 'gad', 'remk', 'trmk', 'ctwav']",4,3,74,21852351,80.66666666666667,0.8011227183960056,0,147
316,"['rp', 'rerp', 'trrp', 'gas', 'regas', 'trgad', 'remk', 'trmk']",3,2,94,6248662,81.16666666666667,0.808453526379694,0,93
317,"['regas', 'gad', 'remk', 'trmk', 'ctwav']",4,1,38,2586064,78.5,0.7754649448543312,0,77
318,"['rp', 'rerp', 'trrp', 'regas', 'trgad', 'remk', 'trmk']",3,2,93,6244056,80.83333333333333,0.8039241177813325,0,87
319,"['rp', 'regas', 'remk', 'ctwav']",3,2,94,6230238,78.5,0.7778813289771471,0,95
320,"['rp', 'rerp', 'remk']",4,1,91,14960985,79.0,0.7823517086977175,0,80
321,"['rp', 'rerp', 'trrp', 'gas', 'regas', 'gad', 'trgad', 'remk']",3,2,94,6248662,82.5,0.8231819101216058,0,85
322,"['regas', 'trgas', 'mk', 'remk', 'trmk', 'ctwav']",2,1,16,32360,39.333333333333336,0.3409351671021524,0,85
323,"['rerp', 'trrp', 'trgas', 'regad', 'trgad', 'mk', 'trmk', 'ctwav']",3,3,94,8670736,79.66666666666667,0.7928110385660863,0,108
324,"['rp', 'rerp', 'gas', 'regas', 'gad', 'mk']",3,3,94,8661524,81.0,0.8047778429549193,0,108
325,"['trrp', 'regas', 'regad', 'trmk', 'ctwav']",2,1,32,110708,56.666666666666664,0.5462945405958148,0,95
326,"['gad', 'trgad', 'remk']",3,2,35,931218,77.5,0.7692187619492775,0,165
327,"['rerp', 'trgas', 'gad', 'regad', 'trgad', 'remk', 'trmk']",2,2,12,30318,38.5,0.30617702622926163,0,119
328,"['rp', 'rerp', 'gas', 'regas', 'trgas', 'gad']",4,2,86,21285274,82.16666666666667,0.8163830054708705,0,104
329,"['rp', 'rerp', 'trrp', 'gas', 'regas', 'trgad', 'remk']",4,2,95,26509068,82.0,0.8157163245600114,0,109
330,"['rp', 'rerp', 'trrp', 'gas', 'ctwav']",2,2,49,421234,71.0,0.6904460815757467,0,116
331,"['rp', 'rerp', 'trrp', 'gas', 'regas', 'trgad', 'remk']",3,2,96,6510924,81.83333333333333,0.8129903424736175,0,88
332,"['rerp', 'regas', 'gad', 'trgad', 'mk', 'trmk']",4,1,85,13093194,79.33333333333333,0.7850442448897825,0,79
333,"['rp', 'rerp', 'trrp', 'gas', 'regas', 'trgas', 'gad', 'trgad', 'remk']",3,2,94,6253268,82.83333333333333,0.8236064406408666,0,102
334,"['rp', 'rerp', 'gas', 'trgas', 'regad', 'remk', 'trmk', 'ctwav']",2,1,17,41473,44.5,0.3813868846320554,0,92
335,"['rerp', 'trrp', 'trgas', 'trgad', 'remk', 'trmk', 'ctwav']",4,3,57,13447025,80.33333333333333,0.7956798223276551,0,147
336,"['rp', 'gas', 'trgas', 'gad', 'trgad', 'mk', 'trmk', 'ctwav']",2,3,92,1953795,74.66666666666667,0.7434360957100247,0,87
337,"['rp', 'rerp', 'trrp', 'gas', 'regas', 'trgas', 'gad', 'trgad', 'remk']",3,2,96,6520332,82.16666666666667,0.8181938171334457,0,93
338,"['trrp', 'gas', 'trgas', 'remk', 'trmk', 'ctwav']",2,2,59,603450,76.16666666666667,0.7525313872793906,0,117
339,"['rp', 'rerp', 'trrp', 'gas', 'regas', 'trgas', 'regad', 'trgad', 'mk', 'remk', 'trmk', 'ctwav']",2,3,91,1971827,76.66666666666667,0.7566442212247502,0,87
340,"['gas', 'regas', 'trgas', 'regad', 'mk', 'remk', 'trmk', 'ctwav']",4,3,64,16363404,78.16666666666667,0.7749144179457141,0,148
341,"['rp', 'rerp', 'gas', 'regas', 'trgas', 'gad', 'trgad', 'remk', 'ctwav']",3,1,94,3831194,82.5,0.8198302079903597,0,71
342,"['rp', 'rerp', 'gas', 'regas', 'trgas', 'gad', 'trgad', 'trmk', 'ctwav']",3,1,94,3831194,81.66666666666667,0.8102675238692197,0,72
343,"['rp', 'trrp', 'gas', 'regas', 'trgas', 'gad', 'trgad', 'remk']",3,1,93,3826588,81.83333333333333,0.8125092667312347,0,68
344,"['rp', 'trrp', 'gas', 'regas', 'trgas', 'gad', 'trgad', 'remk']",3,1,94,3826588,81.0,0.8036666178197116,0,67
345,"['trrp', 'trgad', 'mk', 'trmk', 'ctwav']",3,3,63,4033996,76.83333333333333,0.7583287405337815,0,109
346,"['rerp', 'trrp', 'gas', 'regas', 'trgas', 'gad', 'trgad', 'remk', 'trmk', 'ctwav']",4,3,32,4126756,80.16666666666667,0.7956356711644098,0,169
347,"['rp', 'rerp', 'trrp', 'gas', 'regas', 'trgas', 'gad', 'trgad', 'remk', 'ctwav']",3,2,94,6257874,81.83333333333333,0.8124902803358182,0,98
348,"['rp', 'rerp', 'gas', 'regas', 'gad', 'trgad', 'trmk']",4,2,84,20314578,81.33333333333333,0.8097770385278461,0,106
349,"['rerp', 'trrp', 'trgas', 'regad', 'trgad', 'remk', 'ctwav']",3,3,95,9037140,80.66666666666667,0.8008022899262635,0,108
350,"['rp', 'rerp', 'gas', 'regas', 'trgas', 'mk', 'remk', 'ctwav']",3,1,91,3667525,82.0,0.8177764711159179,0,67
351,"['rp', 'rerp', 'gas', 'regas', 'trgas', 'mk', 'remk']",3,1,91,3663017,79.33333333333333,0.7887871957436862,0,67
352,"['rp', 'rerp', 'regas', 'gad', 'mk', 'remk', 'ctwav']",4,1,39,2866410,79.33333333333333,0.7847120511030525,0,76
353,"['rp', 'rerp', 'trrp', 'gas', 'regas', 'trgas', 'gad', 'trgad', 'remk']",3,1,94,3831194,82.83333333333333,0.8231887237015787,0,75
354,"['gas', 'regad', 'ctwav']",3,2,15,191188,68.16666666666667,0.6774325619371153,0,164
355,"['rp', 'rerp', 'gas', 'regad', 'trgad', 'trmk', 'ctwav']",3,3,37,1441332,75.33333333333333,0.7462341113391726,0,110
356,"['regas', 'gad', 'regad', 'mk', 'remk', 'ctwav']",2,2,33,202172,59.833333333333336,0.5866772700860791,0,117
357,"['trrp', 'gas', 'regas', 'trgas', 'gad', 'trmk', 'ctwav']",3,2,12,112350,65.33333333333333,0.6446701830597373,0,199
358,"['rp', 'rerp', 'gas', 'regas', 'trgas', 'mk', 'remk', 'trmk']",3,1,94,3826588,80.66666666666667,0.8038815586979539,0,77
359,"['rp', 'trrp', 'regas', 'gad', 'regad', 'trgad', 'trmk', 'ctwav']",2,1,63,421228,68.66666666666667,0.6817941898869457,0,97
360,"['rp', 'rerp', 'gas', 'regas', 'trgas', 'gad', 'trgad', 'mk']",3,1,91,3667525,80.66666666666667,0.8015265190282016,0,69
361,"['rp', 'rerp', 'trrp', 'gas', 'regas', 'trgas', 'regad', 'trgad', 'mk', 'ctwav']",4,3,15,1048880,79.0,0.7853169219243388,0,197
362,"['rp', 'gas', 'regas', 'trgas', 'trgad']",3,2,85,5225376,80.83333333333333,0.8036590496018774,0,85
363,"['rp', 'rerp', 'gas', 'trgas', 'gad', 'mk']",3,1,93,3817376,80.16666666666667,0.7987642998743079,0,72
364,"['trrp', 'gas', 'regas', 'trgas', 'gad', 'trmk', 'ctwav']",4,2,61,11095548,80.0,0.7946023040302553,0,116
365,"['rp', 'rerp', 'gas', 'trgas', 'mk']",3,1,94,3812770,80.5,0.8012238774687735,0,68
366,"['rp', 'gas', 'regas', 'trgas', 'remk', 'ctwav']",3,2,91,5979002,80.16666666666667,0.7973339122344146,0,84
367,"['rp', 'rerp', 'regas', 'gad', 'trgad', 'remk', 'ctwav']",3,2,91,5983510,81.0,0.8032685743721886,0,93
368,"['rerp', 'regas', 'trgas', 'gad', 'remk', 'trmk']",4,1,32,1842804,79.0,0.7825054398869853,0,72
369,"['rp', 'rerp', 'trrp', 'gas', 'trgas', 'gad', 'trgad', 'remk']",3,1,94,3826588,80.83333333333333,0.8037294857891842,0,67
370,"['trrp', 'regas', 'gad', 'mk', 'remk']",3,2,14,149124,72.66666666666667,0.7196834470911397,0,144
371,"['rp', 'trrp', 'regas', 'trgas', 'trgad', 'mk', 'remk']",2,2,84,1167450,78.33333333333333,0.7773132252924284,0,74
372,"['rp', 'rerp', 'trrp', 'gas', 'trgas', 'gad', 'trgad', 'remk']",3,2,95,6515628,81.5,0.8103558339939076,0,98
373,"['rp', 'rerp', 'trrp', 'regas', 'regad', 'mk', 'remk', 'trmk']",4,2,75,16645922,78.83333333333333,0.7808267764825174,0,105
374,"['rp', 'rerp', 'gas', 'regas']",4,2,86,21276846,80.83333333333333,0.8037281934200767,0,105
375,"['rerp', 'trrp', 'regas', 'trgas', 'gad', 'mk', 'ctwav']",3,2,87,5478368,81.83333333333333,0.8108481758628143,0,93
376,"['rp', 'rerp', 'trrp', 'gas', 'regas', 'trgas', 'mk', 'ctwav']",3,1,86,3209902,80.16666666666667,0.7963185043520217,0,74
377,"['rp', 'gad', 'regad', 'trgad', 'mk', 'remk', 'trmk']",2,1,85,737574,73.66666666666667,0.7301451869462647,0,86
378,"['rp', 'trrp', 'gas', 'trgas', 'gad', 'trgad', 'mk', 'trmk', 'ctwav']",2,1,16,34712,48.833333333333336,0.4378692193889572,0,79
379,"['rp', 'trrp', 'gas', 'trgas', 'regad', 'mk', 'remk', 'ctwav']",3,3,68,4559681,78.16666666666667,0.774138210766963,0,108
380,"['rp', 'rerp', 'gas', 'trgas', 'trgad', 'mk', 'remk', 'trmk']",4,2,81,19365876,80.16666666666667,0.794317830488412,0,106
381,"['rp', 'trrp', 'gas', 'trgas', 'mk', 'remk', 'trmk', 'ctwav']",4,1,78,10789000,79.83333333333333,0.7925108879594006,0,81
382,"['rp', 'gas', 'regas', 'gad', 'regad', 'trgad', 'remk', 'trmk', 'ctwav']",3,3,35,1299453,74.16666666666667,0.7336663127134254,0,137
383,"['rp', 'trrp', 'gas', 'trgas', 'remk']",2,1,28,86461,57.833333333333336,0.5425241277060902,0,85
384,"['rp', 'trrp', 'regas', 'trgas', 'gad', 'regad', 'trgad', 'mk', 'remk', 'trmk', 'ctwav']",2,3,21,126938,59.666666666666664,0.579693827122771,0,151
385,"['regas', 'gad', 'trgad', 'remk', 'ctwav']",2,2,18,60674,48.333333333333336,0.4447099671035601,0,116
386,"['rp', 'rerp', 'trrp', 'gas', 'regas', 'trgas', 'gad', 'trgad', 'remk']",3,1,88,3363486,82.66666666666667,0.8240577249361069,0,69
387,"['rp', 'rerp', 'trrp', 'gas', 'regas', 'trgas', 'gad', 'trgad', 'remk']",3,1,89,3515887,82.33333333333333,0.8196074173330197,0,69
388,"['rp', 'rerp', 'trrp', 'gas', 'regas', 'gad', 'regad', 'trgad', 'remk', 'trmk']",2,1,95,926916,76.16666666666667,0.7556895603249113,0,79
389,"['rp', 'rerp', 'trrp', 'regas', 'trgas', 'gad', 'trgad', 'mk', 'ctwav']",4,1,69,8704192,80.66666666666667,0.8010773473571293,0,82
390,"['rp', 'rerp', 'gas', 'regas', 'trgas', 'gad', 'trgad', 'remk']",3,1,94,3826588,82.33333333333333,0.8182938115264135,0,67
391,"['rp', 'rerp', 'gas', 'regas', 'trgas', 'mk', 'remk', 'ctwav']",3,1,94,3826588,81.0,0.8030099837059388,0,67
392,"['rp', 'trrp', 'gas', 'regas', 'gad', 'remk', 'trmk']",3,2,91,5983510,81.16666666666667,0.8064010320256114,0,85
393,"['rp', 'rerp', 'trrp', 'gas', 'regas', 'trgas', 'gad', 'regad', 'trgad', 'remk']",3,1,94,3835800,80.5,0.8006590002223106,0,75
394,"['trrp', 'regas', 'gad', 'trgad', 'mk']",4,2,73,15773714,79.16666666666667,0.7831293079698652,0,107
395,"['rp', 'rerp', 'trrp', 'gas', 'regas', 'trgas', 'gad', 'regad', 'trgad', 'remk']",3,1,84,3072591,80.0,0.7950116898526509,0,71
396,"['rp', 'rerp', 'trrp', 'gas', 'regas', 'trgas', 'gad', 'trgad', 'remk']",3,2,86,5242232,81.5,0.8121999519564804,0,91
397,"['rp', 'rerp', 'gas', 'regas', 'trgas', 'gad', 'mk', 'remk']",3,1,94,3826588,81.83333333333333,0.8131260385803055,0,67
398,"['trrp', 'regas', 'gad', 'regad', 'trgad', 'trmk']",2,2,55,527832,73.0,0.726272032863123,0,116
399,"['rerp', 'gas', 'regas', 'remk', 'trmk', 'ctwav']",4,2,86,21285274,80.0,0.7930709101849228,0,120
400,"['rerp', 'trgad', 'mk', 'remk', 'trmk']",3,3,42,1751721,75.33333333333333,0.7460408660135575,0,130
401,"['rp', 'rerp', 'trrp', 'gas', 'regas', 'trgas', 'regad', 'trmk', 'ctwav']",4,2,65,12572366,80.5,0.7998723850706957,0,138
402,"['rp', 'rerp', 'trrp', 'gas', 'regas', 'trgas', 'gad', 'trgad', 'remk', 'trmk']",3,1,94,3835800,82.0,0.816854124609879,0,76
403,"['rp', 'trrp', 'gad', 'regad', 'trmk', 'ctwav']",2,3,87,1781730,74.33333333333333,0.7365223175517294,0,89
404,"['rp', 'rerp', 'trrp', 'gas', 'regas', 'trgas', 'trgad', 'remk', 'trmk', 'ctwav']",3,1,94,3835800,81.83333333333333,0.8120748212205675,0,70
405,"['rp', 'rerp', 'trrp', 'gas', 'regas', 'trgas', 'mk', 'remk', 'ctwav']",3,2,94,6253268,82.83333333333333,0.8239044969636121,0,93
406,"['trrp', 'gas', 'regas', 'trgas', 'gad', 'mk']",3,3,83,6926637,81.33333333333333,0.8084398197349133,0,109
407,"['rp', 'rerp', 'trrp', 'regas', 'trgas', 'remk', 'ctwav']",4,1,38,2589788,80.33333333333333,0.7976893728698592,0,83
408,"['rp', 'rerp', 'regas', 'trgas', 'remk']",4,2,37,4190300,80.83333333333333,0.8026249293212881,0,108
409,"['rp', 'rerp', 'trrp', 'gas', 'regas', 'trgas', 'gad', 'mk', 'remk', 'ctwav']",3,1,87,3367798,81.66666666666667,0.8104606458848281,0,79
410,"['rp', 'rerp', 'regas', 'trgad', 'remk', 'ctwav']",4,2,51,7817454,80.66666666666667,0.8021663120448809,0,112
411,"['rp', 'rerp', 'trrp', 'gas', 'regas', 'trgas', 'gad', 'mk', 'remk', 'ctwav']",3,1,88,3367798,81.5,0.8103297579924649,0,74
412,"['gas', 'regas', 'trgas', 'gad', 'regad', 'mk', 'remk']",4,3,34,4648955,78.0,0.7711652681928515,0,146
413,"['rp', 'rerp', 'trrp', 'gas', 'regas', 'trgas', 'mk', 'remk', 'ctwav']",3,1,87,3363486,80.33333333333333,0.7971984541692667,0,70
414,"['rp', 'rerp', 'trrp', 'regas', 'trgas', 'gad', 'remk', 'trmk', 'ctwav']",3,3,51,2683169,80.83333333333333,0.8032539786943137,0,127
415,"['rp', 'rerp', 'trrp', 'gas', 'regas', 'trgas', 'mk', 'remk', 'ctwav']",3,1,88,3363486,81.0,0.8061880732148289,0,71
416,"['rp', 'gas', 'regas', 'trgas', 'gad', 'trgad', 'remk', 'trmk', 'ctwav']",3,1,89,3515887,80.0,0.795327718786899,0,67
417,"['rp', 'rerp', 'trrp', 'gas', 'regas', 'trgas', 'mk', 'remk', 'trmk', 'ctwav']",3,2,94,6257874,82.16666666666667,0.8185254716890872,0,92
418,"['rp', 'rerp', 'trrp', 'gas', 'regas', 'trgas', 'gad', 'trgad', 'remk']",4,2,93,25428328,80.83333333333333,0.8050718590859592,0,127
419,"['rerp', 'trrp', 'gas', 'regas', 'trgas', 'gad', 'trgad', 'remk']",3,2,94,6248662,82.0,0.8153031958270214,0,98
420,"['trrp', 'regas', 'trgas', 'gad', 'regad', 'trgad', 'mk']",4,2,29,2625164,77.66666666666667,0.7692248363606666,0,105
421,"['rerp', 'trrp', 'gas', 'regas', 'trgas', 'gad', 'trgad', 'ctwav']",2,1,12,20997,30.5,0.22223503890167404,0,84
422,"['rp', 'rerp', 'trrp', 'gas', 'regas', 'trgas', 'gad', 'trgad', 'remk']",3,2,93,6253268,82.83333333333333,0.8268683929751368,0,95
423,"['rp', 'rerp', 'trrp', 'gas', 'regas', 'trgas', 'gad', 'remk']",3,2,94,6248662,82.33333333333333,0.8209264270787021,0,91
424,"['rp', 'rerp', 'trrp', 'gas', 'trgas', 'gad', 'trgad', 'remk']",3,1,90,3511477,81.66666666666667,0.8112560580114759,0,67
425,"['rp', 'rerp', 'trrp', 'gas', 'regas', 'trgas', 'gad', 'trgad', 'mk']",3,2,93,6253268,81.66666666666667,0.8113367676081366,0,92
426,"['rerp', 'gas', 'regas', 'trgas', 'gad', 'remk', 'trmk']",3,3,56,3101130,80.83333333333333,0.8037615203629471,0,110
427,"['rerp', 'trrp', 'gas', 'trgas', 'regad', 'mk', 'remk', 'trmk']",3,3,53,2888046,78.66666666666667,0.7821771189206241,0,110
428,"['rp', 'rerp', 'trrp', 'gas', 'regas', 'trgas', 'mk', 'ctwav']",3,2,94,6248662,81.66666666666667,0.8111740172813332,0,84
429,"['rerp', 'regas', 'trgas', 'gad', 'regad', 'remk', 'ctwav']",4,3,43,7760263,80.0,0.7926283638675279,0,147
430,"['rp', 'rerp', 'trrp', 'gas', 'regas', 'trgas', 'gad', 'trgad', 'remk', 'ctwav']",3,2,93,6257874,81.66666666666667,0.8128863906480341,0,109
431,"['rp', 'trgas', 'gad', 'trgad', 'mk', 'remk']",2,2,42,302816,72.66666666666667,0.7181129225017365,0,116
432,"['rp', 'rerp', 'trrp', 'gas', 'regas', 'gad', 'trgad', 'remk']",4,1,87,13715014,80.33333333333333,0.7978732386165756,0,69
433,"['rerp', 'gas', 'trgas', 'regad', 'mk', 'ctwav']",3,3,46,2099096,74.66666666666667,0.7419871485811832,0,110
434,"['rerp', 'trrp', 'gas', 'trgas', 'gad', 'trgad', 'ctwav']",2,1,87,771270,72.0,0.7026302000483127,0,85
435,"['rp', 'trrp', 'trgas', 'regad', 'remk', 'trmk']",4,1,47,4110480,77.33333333333333,0.7651257964215631,0,93
436,"['rp', 'rerp', 'trrp', 'gas', 'regas', 'gad', 'trgad', 'remk']",3,1,88,3359174,81.33333333333333,0.8099538732041985,0,66
437,"['rp', 'rerp', 'trrp', 'gas', 'regas', 'trgas', 'gad', 'trgad', 'ctwav']",3,1,88,3363486,82.33333333333333,0.8164642323620651,0,71
438,"['trrp', 'regas', 'gad']",3,1,86,3188832,79.0,0.7829722591849055,0,67
439,"['rerp', 'regas', 'trgas', 'gad', 'trgad', 'remk', 'trmk']",3,2,50,1790134,79.33333333333333,0.7898556104572055,0,92
440,"['rerp', 'trrp', 'gad', 'regad', 'trgad', 'mk', 'ctwav']",2,2,53,494348,72.83333333333333,0.7214781244689711,0,128
441,"['rp', 'rerp', 'trrp', 'gas', 'regas', 'trgas', 'trgad', 'remk']",3,2,94,6248662,82.0,0.8146846201630605,0,85
442,"['rerp', 'trrp', 'regas', 'regad', 'mk', 'remk']",2,2,47,391764,68.0,0.6666325146750169,0,129
443,"['rp', 'rerp', 'trrp', 'gas', 'regas', 'trgas', 'gad', 'trgad']",3,1,94,3826588,81.0,0.8054410532906966,0,68
444,"['rp', 'trrp', 'regas', 'trgas', 'gad', 'remk', 'trmk']",4,3,65,17394243,80.0,0.796040825648164,0,147
445,"['rp', 'rerp', 'trrp', 'gas', 'regas', 'trgas', 'gad', 'remk']",3,1,94,3826588,82.16666666666667,0.8175812793232703,0,66
446,"['rerp', 'trrp', 'gas', 'regas', 'trgas', 'mk']",3,2,94,6239450,80.16666666666667,0.7950768520169965,0,88
447,"['rerp', 'gas', 'regas', 'trgas', 'gad', 'remk', 'ctwav']",3,1,72,2257602,80.83333333333333,0.8013557255973462,0,69
448,"['rerp', 'regas', 'mk', 'remk', 'trmk', 'ctwav']",4,2,40,4641600,75.83333333333333,0.7500679008514853,0,104
449,"['rp', 'gas', 'regas', 'trgad', 'mk', 'trmk', 'ctwav']",2,2,25,123026,62.5,0.5915768267116722,0,116
450,"['regas', 'trgas', 'regad', 'trgad', 'mk', 'remk', 'ctwav']",2,2,21,90204,56.5,0.5308883445590201,0,117
451,"['rp', 'rerp', 'trrp', 'gas', 'regas', 'trgas', 'gad', 'trgad', 'remk', 'trmk']",3,2,94,6257874,82.16666666666667,0.8189505752275745,0,91
452,"['rerp', 'trrp', 'regas', 'trgas', 'regad', 'trgad']",4,1,29,1622392,81.16666666666667,0.8086312204145695,0,81
453,"['rp', 'rerp', 'trrp', 'gas', 'regas', 'trgas', 'gad', 'trgad', 'remk']",3,1,93,3831194,82.16666666666667,0.8173524009866384,0,70
454,"['rp', 'rerp', 'gas', 'regad', 'remk']",2,1,39,168130,65.5,0.64341899439975,0,85
455,"['rp', 'rerp', 'trrp', 'regas', 'gad', 'mk']",2,1,68,466183,77.16666666666667,0.7665080554046094,0,84
456,"['rerp', 'trgas', 'gad', 'trgad', 'mk', 'remk', 'trmk', 'ctwav']",2,3,29,222186,66.83333333333333,0.6507386594911498,0,155
457,"['rp', 'rerp', 'trrp', 'regas', 'trgas', 'regad', 'trgad', 'mk', 'remk', 'trmk', 'ctwav']",3,2,44,1400382,77.5,0.7679028258239122,0,92
458,"['rp', 'trrp', 'gas', 'regas', 'trgas', 'gad', 'regad', 'remk', 'trmk']",2,3,46,507036,73.66666666666667,0.7345101365707773,0,148
459,"['rp', 'rerp', 'trrp', 'gas', 'regas', 'trgas', 'gad', 'trgad', 'remk']",3,1,96,3994116,82.16666666666667,0.8149264353326138,0,68
460,"['rp', 'rerp', 'trrp', 'gas', 'regas', 'trgas', 'mk', 'remk', 'ctwav']",3,2,92,5992526,82.5,0.8189978048566352,0,88
461,"['rp', 'trgad', 'remk', 'ctwav']",3,3,45,2094588,76.33333333333333,0.754561785273467,0,108
462,"['rerp', 'gas', 'regas', 'trgas', 'gad']",3,3,89,7939701,81.16666666666667,0.8048446694033247,0,108
463,"['rp', 'rerp', 'trrp', 'trgas', 'mk', 'remk', 'ctwav']",3,1,94,3821982,81.33333333333333,0.8092349802598153,0,68
464,"['rerp', 'regas', 'trgas', 'trgad', 'mk', 'remk']",4,1,96,16298724,81.33333333333333,0.8067219033851487,0,86
465,"['rp', 'gas', 'regad', 'trgad', 'mk', 'remk', 'trmk', 'ctwav']",4,1,83,12502599,78.5,0.7809336734941122,0,78
466,"['rp', 'rerp', 'gas', 'regas', 'trgas', 'gad', 'regad', 'trgad', 'mk', 'trmk', 'ctwav']",3,2,44,1400382,77.0,0.763530266607702,0,94
467,"['rp', 'rerp', 'trrp', 'gas', 'regas', 'trgas', 'mk', 'remk', 'ctwav']",3,2,95,6520332,83.33333333333333,0.8289272449381483,0,93
468,"['rp', 'rerp', 'regas', 'gad', 'mk', 'remk', 'ctwav']",3,1,83,3060243,80.33333333333333,0.7955067723353157,0,67
469,"['rerp', 'regas', 'gad', 'remk', 'ctwav']",4,2,39,4639640,80.83333333333333,0.8043101325259607,0,104
470,"['rerp', 'gas', 'trgad', 'mk', 'remk', 'trmk']",3,2,35,936510,79.33333333333333,0.7910137335381647,0,161
471,"['rerp', 'trrp', 'regas', 'regad', 'trgad', 'remk']",4,1,39,2864450,80.0,0.7931493662627619,0,76
472,"['rerp', 'gas', 'regas', 'trgas', 'gad', 'regad', 'mk']",4,3,59,14386635,80.16666666666667,0.795871182952991,0,146
473,"['rp', 'rerp', 'trrp', 'gas', 'regas', 'trgas', 'remk', 'trmk', 'ctwav']",3,1,95,3994116,81.33333333333333,0.8087096745454533,0,71
474,"['rp', 'rerp', 'regas', 'trgas', 'gad', 'trgad', 'mk', 'ctwav']",2,1,23,68718,56.666666666666664,0.5301711105867734,0,87
475,"['regas', 'trgas', 'gad', 'trgad', 'mk', 'remk', 'trmk', 'ctwav']",2,1,60,372585,72.66666666666667,0.7207119965708717,0,86
476,"['rp', 'gas', 'regas', 'gad', 'trgad', 'mk', 'ctwav']",4,3,70,19558076,80.33333333333333,0.7944725515544268,0,155
477,"['rp', 'regas', 'regad', 'mk', 'ctwav']",2,2,80,1053460,68.5,0.6798391800563695,0,69
478,"['rerp', 'trrp', 'regas', 'gad', 'mk', 'remk', 'trmk', 'ctwav']",2,3,38,349212,70.16666666666667,0.6950807352333016,0,162
479,"['rp', 'rerp', 'gas', 'regas', 'trgas', 'gad', 'trgad', 'remk']",3,1,88,3359174,81.0,0.805526657180682,0,67
480,"['rerp', 'gas', 'regas', 'trgas', 'gad', 'trgad', 'remk', 'ctwav']",3,1,94,3826588,82.0,0.8135004641851121,0,67
481,"['gas', 'regas', 'trgad', 'mk', 'trmk']",2,2,66,722858,78.16666666666667,0.7752422067271306,0,116
482,"['rerp', 'gas', 'trgas', 'regad', 'trgad', 'mk']",4,3,70,19554646,79.33333333333333,0.7866417531195765,0,147
483,"['trrp', 'gas', 'gad', 'regad', 'mk']",4,2,60,10389030,78.0,0.7737386090301017,0,104
484,"['rp', 'regas', 'trgas', 'regad', 'remk', 'trmk', 'ctwav']",4,3,23,2330658,77.66666666666667,0.7673993578673213,0,147
485,"['rp', 'rerp', 'gas', 'gad', 'trgad']",4,2,76,16634750,80.83333333333333,0.8037107737339262,0,105
486,"['rerp', 'gas', 'regas', 'gad', 'trgad', 'ctwav']",3,2,89,5723384,82.5,0.8196707849117325,0,98
487,"['rp', 'rerp', 'trrp', 'regas', 'trgas', 'gad', 'remk']",3,1,88,3354862,80.5,0.8007300618883268,0,67
488,"['rp', 'gas', 'trgas', 'trgad', 'remk', 'trmk', 'ctwav']",3,1,95,3984708,79.33333333333333,0.7889836189196803,0,67
489,"['rp', 'gas', 'trgas', 'trmk', 'ctwav']",2,2,51,454722,72.66666666666667,0.7193219468991131,0,117
490,"['rp', 'trrp', 'regas', 'gad', 'trgad', 'mk', 'ctwav']",4,2,76,16642198,79.66666666666667,0.7876334761903815,0,107
491,"['rp', 'trrp', 'trgas', 'regad', 'remk', 'trmk', 'ctwav']",2,3,56,736978,73.0,0.7291491021613539,0,161
492,"['rp', 'rerp', 'trrp', 'gas', 'regas', 'trgas', 'mk', 'remk', 'ctwav']",3,3,95,9046548,82.0,0.8148188032173426,0,118
493,"['rp', 'regas', 'trgas', 'trgad', 'mk', 'trmk', 'ctwav']",2,1,26,77949,61.5,0.5867182223020034,0,84
494,"['rerp', 'gas', 'regas', 'trgas', 'mk', 'remk']",3,1,94,3817376,78.0,0.7749354990280753,0,66
495,"['trrp', 'trgas', 'trgad', 'mk', 'remk']",2,1,67,462851,77.5,0.7687916001711889,0,85
496,"['rp', 'rerp', 'trrp', 'gas', 'regas', 'trgas', 'gad', 'trgad', 'remk']",4,2,94,25428328,81.16666666666667,0.8062610474233842,0,125
497,"['trrp', 'gas', 'trgas', 'gad', 'regad', 'mk', 'remk']",3,1,16,122728,73.66666666666667,0.7338932283614715,0,113
498,"['rp', 'rerp', 'trrp', 'gas', 'regas', 'trgas', 'gad', 'trgad', 'mk', 'remk', 'ctwav']",3,2,95,6529740,82.66666666666667,0.82178993129508,0,93
499,"['rerp', 'gas', 'regas', 'trgas', 'trgad', 'remk', 'ctwav']",2,2,12,30318,34.5,0.2588344407869397,0,115
500,"['rerp', 'regas', 'regad', 'mk', 'trmk', 'ctwav']",4,1,26,1223769,75.5,0.7477581556738463,0,74
501,"['rp', 'regad', 'trgad', 'mk', 'remk', 'trmk']",2,1,51,279131,69.5,0.6856981038571764,0,86
502,"['rp', 'rerp', 'gas', 'trgas', 'gad', 'regad', 'remk', 'trmk']",3,2,53,2086322,76.66666666666667,0.7619330765080529,0,99
503,"['trrp', 'trgas', 'gad', 'regad', 'remk']",4,2,84,20306346,79.83333333333333,0.7942468833313601,0,104
504,"['rp', 'trrp', 'gas', 'trgas', 'regad', 'trgad', 'ctwav']",4,3,18,1319895,78.83333333333333,0.7804053614952009,0,146
505,"['trrp', 'ctwav']",2,2,88,1257096,70.5,0.6958326273859854,0,66
506,"['rerp', 'trrp', 'gas', 'regas', 'trgas', 'gad', 'mk', 'remk', 'ctwav']",4,2,38,4197748,81.0,0.8041267225393621,0,123
507,"['rerp', 'gas', 'regas', 'trgad', 'ctwav']",4,3,57,13441341,80.83333333333333,0.8040731694719784,0,147
508,"['rerp', 'trrp', 'regas', 'trgas', 'gad', 'regad', 'mk', 'remk', 'ctwav']",3,2,77,4320284,79.83333333333333,0.7938447425529804,0,92
509,"['rp', 'rerp', 'gas', 'regas', 'trgas', 'mk', 'remk']",3,1,93,3821982,80.66666666666667,0.8032527986721238,0,67
510,"['trrp', 'regas', 'trgas', 'regad', 'trgad', 'mk']",2,2,60,603450,72.16666666666667,0.7167589414896702,0,116
511,"['rp', 'rerp', 'trrp', 'gas', 'regas', 'trgas', 'gad', 'trgad', 'mk', 'remk']",3,2,93,6257874,82.5,0.8193184516323229,0,93
512,"['rerp', 'gas', 'gad', 'trgad', 'ctwav']",3,1,86,3197260,81.83333333333333,0.8134548438812831,0,60
513,"['rp', 'trrp', 'trgas', 'gad', 'trmk', 'ctwav']",2,2,64,684124,76.83333333333333,0.7607499082490558,0,121
514,"['rp', 'rerp', 'gas', 'trgas', 'gad', 'trmk', 'ctwav']",3,3,62,3793482,74.0,0.7327836282242431,0,110
515,"['rp', 'trrp', 'gad', 'regad', 'mk', 'remk', 'trmk', 'ctwav']",2,3,94,2037626,74.83333333333333,0.7399518806933018,0,94
516,"['rp', 'gas', 'trgas', 'trgad', 'trmk', 'ctwav']",4,3,38,5796398,79.16666666666667,0.7868104244633387,0,156
517,"['trrp', 'regas', 'regad', 'trgad', 'mk', 'remk', 'trmk']",4,3,60,14386635,78.83333333333333,0.7798205220003802,0,174
518,"['rp', 'rerp', 'trrp', 'gas', 'regas', 'gad', 'mk', 'trmk']",2,3,42,423429,68.5,0.6721783020489778,0,188
519,"['gas', 'gad', 'remk', 'trmk']",3,2,35,932982,75.0,0.7432886762564532,0,166
520,"['gas', 'regas', 'trgas', 'gad', 'mk', 'remk']",3,3,80,6286720,79.16666666666667,0.7854715712688521,0,125
521,"['rp', 'gas', 'trmk', 'ctwav']",4,3,16,1044176,77.83333333333333,0.7683637366830932,0,165
522,"['rerp', 'trrp', 'gas', 'regas', 'trgas', 'gad', 'trgad', 'mk', 'remk', 'trmk']",3,1,88,3367798,81.5,0.8101371015726916,0,77
523,"['rp', 'gas', 'gad']",4,3,24,2325954,78.33333333333333,0.7747684061998237,0,162
524,"['rp', 'rerp', 'trrp', 'gas', 'regas', 'trgas', 'mk', 'remk', 'ctwav']",3,2,95,6520332,81.66666666666667,0.809251192675947,0,102
